{"HumanEval/92": {"nbuggyPrograms": 8, "buggy_code_response_num": [10, 29, 124, 201, 202, 204, 220, 259], "post_condition_response_num": [1, 1, 1, 1, 1, 1, 1, 1], "num_tests_run": 1132, "num_tests_killed": 927, "test_results": [["did not kill any mutants", [0, 0, 0, 0, 0, 0, 0, 0, 0, 0, 0, 0, 0, 0, 0, 0, 0, 0, 0, 0, 0, 0, 0, 0, 0, 0, 0, 0, 0, 0, 0, 0, 0, 0, 0, 0, 0, 0, 0, 0, 0, 0, 0, 0, 0, 0, 0, 0, 0, 0, 0, 0, 0, 0, 0, 0, 0, 0, 0, 0, 0, 0, 0, 0, 0, 0, 0, 0, 0, 0, 0, 0, 0, 0, 0, 0, 0, 0, 0, 0, 0, 0, 0, 0, 0, 0, 0], [null, null, null, null, null, null, null, null, null, null, null, null, null, null, null, null, null, null, null, null, null, null, null, null, null, null, null, null, null, null, null, null, null, null, null, null, null, null, null, null, null, null, null, null, null, null, null, null, null, null, null, null, null, null, null, null, null, null, null, null, null, null, null, null, null, null, null, null, null, null, null, null, null, null, null, null, null, null, null, null, null, null, null, null, null, null, null]], ["did not kill any mutants", [0, 0, 0], [null, null, null]], ["did not kill any mutants", [0], [null]], ["did not kill any mutants", [0, 0, 0, 0, 0, 0, 0, 0, 0, 0, 0, 0, 0, 0, 0, 0, 0, 0, 0, 0, 0, 0, 0, 0, 0, 0, 0, 0, 0, 0, 0, 0, 0, 0, 0, 0, 0, 0, 0, 0, 0, 0, 0, 0, 0, 0, 0, 0, 0, 0, 0, 0, 0, 0], [null, null, null, null, null, null, null, null, null, null, null, null, null, null, null, null, null, null, null, null, null, null, null, null, null, null, null, null, null, null, null, null, null, null, null, null, null, null, null, null, null, null, null, null, null, null, null, null, null, null, null, null, null, null]], ["did not kill any mutants", [0, 0, 0, 0, 0, 0, 0, 0, 0, 0, 0, 0, 0, 0, 0, 0, 0, 0, 0, 0, 0, 0, 0, 0, 0, 0, 0, 0, 0, 0, 0, 0, 0, 0, 0, 0, 0, 0, 0, 0, 0, 0, 0, 0, 0, 0, 0, 0, 0, 0, 0, 0, 0, 0, 0, 0, 0, 0, 0, 0], [null, null, null, null, null, null, null, null, null, null, null, null, null, null, null, null, null, null, null, null, null, null, null, null, null, null, null, null, null, null, null, null, null, null, null, null, null, null, null, null, null, null, null, null, null, null, null, null, null, null, null, null, null, null, null, null, null, null, null, null]], ["killed at least one mutant", [1, 1, 1, 1, 1, 1, 1, 1, 1, 1, 1, 1, 1, 1, 1, 1, 1, 1, 1, 1, 1, 1, 1, 1, 1, 1, 1, 1, 1, 1, 1, 1, 1, 1, 1, 1, 1, 1, 1, 1, 1, 1, 1, 1, 1, 1, 1, 1, 1, 1, 1, 1, 1, 1, 1, 1, 1, 1, 1, 1, 1, 1, 1, 1, 1, 1, 1, 1, 1, 1, 1, 1, 1, 1, 1, 1, 1, 1, 1, 1, 1, 1, 1, 1, 1, 1, 1, 1, 1, 1, 1, 1, 1, 1, 1, 1, 1, 1, 1, 1, 1, 1, 1, 1, 1, 1, 1, 1, 1, 1, 1, 1, 1, 1, 1, 1, 1, 1, 1, 1, 1, 1, 1, 1, 1, 1, 1, 1, 1, 1, 1, 1, 1, 1, 1, 1, 1, 1, 1, 1, 1, 1, 1, 1, 1, 1, 1, 1, 1, 1, 1, 1, 1, 1, 1, 1, 1, 1, 1, 1, 1, 1, 1, 1, 1, 1, 1, 1, 1, 1, 1, 1, 1, 1, 1, 1, 1, 1, 1, 1, 1, 1, 1, 1, 1, 1, 1, 1, 1, 1, 1, 1, 1, 1, 1, 1, 1, 1, 1, 1, 1, 1, 1, 1, 1, 1, 1, 1, 1, 1, 1, 1, 1, 1, 1, 1, 1, 1, 1, 1, 1, 1, 1, 1, 1, 1, 1, 1, 1, 1, 1, 1, 1, 1, 1, 1, 1, 1, 1, 1, 1, 1, 1, 1, 1, 1, 1, 1, 1, 1, 1, 1, 1, 1, 1, 1, 1, 1, 1, 1, 1, 1, 1, 1, 1, 1, 1, 1, 1, 1, 1, 1, 1, 1, 1, 1, 1, 1, 1, 1, 1, 1, 1, 1, 1, 1, 1, 1, 1, 1, 1, 1, 1, 1, 1, 1, 1, 1, 1, 1, 1, 1, 1, 1, 1, 1, 1, 1, 1, 1, 1, 1, 1, 1, 1, 1, 1, 1, 1, 1, 1, 1, 1, 1, 1, 1, 1, 1, 1, 1, 1, 1, 1, 1, 1, 1, 1, 1, 1, 1, 1, 1, 1, 1, 1, 1, 1, 1, 1, 1, 1, 1, 1, 1, 1, 1, 1, 1, 1, 1, 1, 1, 1, 1, 1, 1, 1, 1, 1, 1, 1, 1, 1, 1, 1, 1, 1, 1, 1, 1, 1, 1, 1, 1, 1, 1, 1, 1, 1, 1, 1, 1, 1, 1, 1, 1, 1, 1, 1, 1, 1, 1, 1, 1, 1, 1, 1, 1, 1, 1, 1, 1, 1, 1, 1, 1, 1, 1, 1, 1, 1, 1, 1, 1, 1, 1, 1, 1, 1, 1, 1, 1, 1, 1, 1, 1, 1, 1, 1, 1, 1, 1, 1, 1, 1, 1, 1, 1, 1, 1, 1, 1, 1, 1, 1, 1, 1, 1, 1, 1, 1, 1, 1, 1, 1, 1, 1, 1, 1, 1, 1, 1, 1, 1, 1, 1, 1, 1, 1, 1, 1, 1, 1, 1, 1, 1, 1, 1, 1, 1, 1, 1, 1, 1, 1, 1, 1, 1, 1, 1, 1, 1, 1, 1, 1, 1, 1, 1, 1, 1, 1, 1, 1, 1, 1, 1, 1, 1, 1, 1, 1, 1, 1, 1, 1, 1, 1, 1, 1, 1, 1, 1, 1, 1, 1, 1, 1, 1, 1, 1, 1, 1, 1, 1, 1, 1, 1, 1, 1, 1, 1, 1, 1, 1, 1, 1, 1, 1, 1, 1, 1, 1, 1, 1, 1, 1, 1, 1, 1, 1, 1, 1, 1, 1, 1, 1, 1, 1, 1, 1, 1, 1, 1, 1, 1, 1, 1, 1, 1, 1, 1, 1, 1, 1, 1, 1, 1, 1, 1, 1, 1, 1, 1, 1, 1, 1, 1, 1, 1, 1, 1, 1, 1, 1, 1, 1, 1, 1, 1, 1, 1, 1, 1, 1, 1, 1, 1, 1, 1, 1, 1, 1, 1, 1, 1, 1, 1, 1, 1, 1, 1, 1, 1, 1, 1, 1, 1, 1, 1, 1, 1, 1, 1, 1, 1, 1, 1, 1, 1, 1, 1, 1, 1, 1, 1, 1, 1, 1, 1, 1, 1, 1, 1, 1, 1, 1, 1, 1, 1, 1, 1, 1, 1, 1, 1, 1, 1, 1, 1, 1, 1, 1, 1, 1, 1, 1, 1, 1, 1, 1, 1, 1, 1, 1, 1, 1, 1, 1, 1, 1, 1, 1, 1, 1, 1, 1, 1, 1, 1, 1, 1, 1, 1, 1, 1, 1, 1, 1, 1, 1, 1, 1, 1, 1, 1, 1, 1, 1, 1, 1, 1, 1, 1, 1, 1, 1, 1, 1, 1, 1, 1, 1, 1, 1, 1, 1, 1, 1, 1, 1, 1, 1, 1, 1, 1, 1, 1, 1, 1, 1, 1, 1, 1, 1, 1, 1, 1, 1, 1, 1, 1, 1, 1, 1, 1, 1, 1, 1, 1, 1, 1, 1, 1, 1, 1, 1, 1, 1, 1, 1, 1, 1, 1, 1, 1, 1, 1, 1, 1, 1, 1, 1, 1, 1, 1, 1, 1, 1, 1, 1, 1, 1, 1, 1, 1, 1, 1, 1, 1, 1, 1, 1, 1, 1, 1, 1, 1, 1, 1, 1, 1, 1, 1, 1, 1, 1, 1, 1, 1, 1, 1, 1, 1, 1, 1, 1, 1, 1, 1, 1, 1, 1, 1, 1, 1, 1, 1, 1, 1, 1, 1, 1, 1, 1, 1, 1, 1, 1, 1, 1, 1, 1, 1, 1, 1, 1, 1, 1, 1, 1, 1, 1, 1, 1, 1, 1, 1, 1, 1, 1, 1, 1, 1, 1, 1, 1, 1, 1, 1, 1, 1, 1, 1, 1, 1, 1, 1, 1, 1, 1, 1, 1, 1], ["AssertionError: The return value must be a bool.", "AssertionError: The return value must be a bool.", "AssertionError: The return value must be a bool.", "AssertionError: The return value must be a bool.", "AssertionError: The return value must be a bool.", "AssertionError: The return value must be a bool.", "AssertionError: The return value must be a bool.", "AssertionError: The return value must be a bool.", "AssertionError: The return value must be a bool.", "AssertionError: The return value must be a bool.", "AssertionError: The return value must be a bool.", "AssertionError: The return value must be a bool.", "AssertionError: The return value must be a bool.", "AssertionError: The return value must be a bool.", "AssertionError: The return value must be a bool.", "AssertionError: The return value must be a bool.", "AssertionError: The return value must be a bool.", "AssertionError: The return value must be a bool.", "AssertionError: The return value must be a bool.", "AssertionError: The return value must be a bool.", "AssertionError: The return value must be a bool.", "AssertionError: The return value must be a bool.", "AssertionError: The return value must be a bool.", "AssertionError: The return value must be a bool.", "AssertionError: The return value must be a bool.", "AssertionError: The return value must be a bool.", "AssertionError: The return value must be a bool.", "AssertionError: The return value must be a bool.", "AssertionError: The return value must be a bool.", "AssertionError: The return value must be a bool.", "AssertionError: The return value must be a bool.", "AssertionError: The return value must be a bool.", "AssertionError: The return value must be a bool.", "AssertionError: The return value must be a bool.", "AssertionError: The return value must be a bool.", "AssertionError: The return value must be a bool.", "AssertionError: The return value must be a bool.", "AssertionError: The return value must be a bool.", "AssertionError: The return value must be a bool.", "AssertionError: The return value must be a bool.", "AssertionError: The return value must be a bool.", "AssertionError: The return value must be a bool.", "AssertionError: The return value must be a bool.", "AssertionError: The return value must be a bool.", "AssertionError: The return value must be a bool.", "AssertionError: The return value must be a bool.", "AssertionError: The return value must be a bool.", "AssertionError: The return value must be a bool.", "AssertionError: The return value must be a bool.", "AssertionError: The return value must be a bool.", "AssertionError: The return value must be a bool.", "AssertionError: The return value must be a bool.", "AssertionError: The return value must be a bool.", "AssertionError: The return value must be a bool.", "AssertionError: The return value must be a bool.", "AssertionError: The return value must be a bool.", "AssertionError: The return value must be a bool.", "AssertionError: The return value must be a bool.", "AssertionError: The return value must be a bool.", "AssertionError: The return value must be a bool.", "AssertionError: The return value must be a bool.", "AssertionError: The return value must be a bool.", "AssertionError: The return value must be a bool.", "AssertionError: The return value must be a bool.", "AssertionError: The return value must be a bool.", "AssertionError: The return value must be a bool.", "AssertionError: The return value must be a bool.", "AssertionError: The return value must be a bool.", "AssertionError: The return value must be a bool.", "AssertionError: The return value must be a bool.", "AssertionError: The return value must be a bool.", "AssertionError: The return value must be a bool.", "AssertionError: The return value must be a bool.", "AssertionError: The return value must be a bool.", "AssertionError: The return value must be a bool.", "AssertionError: The return value must be a bool.", "AssertionError: The return value must be a bool.", "AssertionError: The return value must be a bool.", "AssertionError: The return value must be a bool.", "AssertionError: The return value must be a bool.", "AssertionError: The return value must be a bool.", "AssertionError: The return value must be a bool.", "AssertionError: The return value must be a bool.", "AssertionError: The return value must be a bool.", "AssertionError: The return value must be a bool.", "AssertionError: The return value must be a bool.", "AssertionError: The return value must be a bool.", "AssertionError: The return value must be a bool.", "AssertionError: The return value must be a bool.", "AssertionError: The return value must be a bool.", "AssertionError: The return value must be a bool.", "AssertionError: The return value must be a bool.", "AssertionError: The return value must be a bool.", "AssertionError: The return value must be a bool.", "AssertionError: The return value must be a bool.", "AssertionError: The return value must be a bool.", "AssertionError: The return value must be a bool.", "AssertionError: The return value must be a bool.", "AssertionError: The return value must be a bool.", "AssertionError: The return value must be a bool.", "AssertionError: The return value must be a bool.", "AssertionError: The return value must be a bool.", "AssertionError: The return value must be a bool.", "AssertionError: The return value must be a bool.", "AssertionError: The return value must be a bool.", "AssertionError: The return value must be a bool.", "AssertionError: The return value must be a bool.", "AssertionError: The return value must be a bool.", "AssertionError: The return value must be a bool.", "AssertionError: The return value must be a bool.", "AssertionError: The return value must be a bool.", "AssertionError: The return value must be a bool.", "AssertionError: The return value must be a bool.", "AssertionError: The return value must be a bool.", "AssertionError: The return value must be a bool.", "AssertionError: The return value must be a bool.", "AssertionError: The return value must be a bool.", "AssertionError: The return value must be a bool.", "AssertionError: The return value must be a bool.", "AssertionError: The return value must be a bool.", "AssertionError: The return value must be a bool.", "AssertionError: The return value must be a bool.", "AssertionError: The return value must be a bool.", "AssertionError: The return value must be a bool.", "AssertionError: The return value must be a bool.", "AssertionError: The return value must be a bool.", "AssertionError: The return value must be a bool.", "AssertionError: The return value must be a bool.", "AssertionError: The return value must be a bool.", "AssertionError: The return value must be a bool.", "AssertionError: The return value must be a bool.", "AssertionError: The return value must be a bool.", "AssertionError: The return value must be a bool.", "AssertionError: The return value must be a bool.", "AssertionError: The return value must be a bool.", "AssertionError: The return value must be a bool.", "AssertionError: The return value must be a bool.", "AssertionError: The return value must be a bool.", "AssertionError: The return value must be a bool.", "AssertionError: The return value must be a bool.", "AssertionError: The return value must be a bool.", "AssertionError: The return value must be a bool.", "AssertionError: The return value must be a bool.", "AssertionError: The return value must be a bool.", "AssertionError: The return value must be a bool.", "AssertionError: The return value must be a bool.", "AssertionError: The return value must be a bool.", "AssertionError: The return value must be a bool.", "AssertionError: The return value must be a bool.", "AssertionError: The return value must be a bool.", "AssertionError: The return value must be a bool.", "AssertionError: The return value must be a bool.", "AssertionError: The return value must be a bool.", "AssertionError: The return value must be a bool.", "AssertionError: The return value must be a bool.", "AssertionError: The return value must be a bool.", "AssertionError: The return value must be a bool.", "AssertionError: The return value must be a bool.", "AssertionError: The return value must be a bool.", "AssertionError: The return value must be a bool.", "AssertionError: The return value must be a bool.", "AssertionError: The return value must be a bool.", "AssertionError: The return value must be a bool.", "AssertionError: The return value must be a bool.", "AssertionError: The return value must be a bool.", "AssertionError: The return value must be a bool.", "AssertionError: The return value must be a bool.", "AssertionError: The return value must be a bool.", "AssertionError: The return value must be a bool.", "AssertionError: The return value must be a bool.", "AssertionError: The return value must be a bool.", "AssertionError: The return value must be a bool.", "AssertionError: The return value must be a bool.", "AssertionError: The return value must be a bool.", "AssertionError: The return value must be a bool.", "AssertionError: The return value must be a bool.", "AssertionError: The return value must be a bool.", "AssertionError: The return value must be a bool.", "AssertionError: The return value must be a bool.", "AssertionError: The return value must be a bool.", "AssertionError: The return value must be a bool.", "AssertionError: The return value must be a bool.", "AssertionError: The return value must be a bool.", "AssertionError: The return value must be a bool.", "AssertionError: The return value must be a bool.", "AssertionError: The return value must be a bool.", "AssertionError: The return value must be a bool.", "AssertionError: The return value must be a bool.", "AssertionError: The return value must be a bool.", "AssertionError: The return value must be a bool.", "AssertionError: The return value must be a bool.", "AssertionError: The return value must be a bool.", "AssertionError: The return value must be a bool.", "AssertionError: The return value must be a bool.", "AssertionError: The return value must be a bool.", "AssertionError: The return value must be a bool.", "AssertionError: The return value must be a bool.", "AssertionError: The return value must be a bool.", "AssertionError: The return value must be a bool.", "AssertionError: The return value must be a bool.", "AssertionError: The return value must be a bool.", "AssertionError: The return value must be a bool.", "AssertionError: The return value must be a bool.", "AssertionError: The return value must be a bool.", "AssertionError: The return value must be a bool.", "AssertionError: The return value must be a bool.", "AssertionError: The return value must be a bool.", "AssertionError: The return value must be a bool.", "AssertionError: The return value must be a bool.", "AssertionError: The return value must be a bool.", "AssertionError: The return value must be a bool.", "AssertionError: The return value must be a bool.", "AssertionError: The return value must be a bool.", "AssertionError: The return value must be a bool.", "AssertionError: The return value must be a bool.", "AssertionError: The return value must be a bool.", "AssertionError: The return value must be a bool.", "AssertionError: The return value must be a bool.", "AssertionError: The return value must be a bool.", "AssertionError: The return value must be a bool.", "AssertionError: The return value must be a bool.", "AssertionError: The return value must be a bool.", "AssertionError: The return value must be a bool.", "AssertionError: The return value must be a bool.", "AssertionError: The return value must be a bool.", "AssertionError: The return value must be a bool.", "AssertionError: The return value must be a bool.", "AssertionError: The return value must be a bool.", "AssertionError: The return value must be a bool.", "AssertionError: The return value must be a bool.", "AssertionError: The return value must be a bool.", "AssertionError: The return value must be a bool.", "AssertionError: The return value must be a bool.", "AssertionError: The return value must be a bool.", "AssertionError: The return value must be a bool.", "AssertionError: The return value must be a bool.", "AssertionError: The return value must be a bool.", "AssertionError: The return value must be a bool.", "AssertionError: The return value must be a bool.", "AssertionError: The return value must be a bool.", "AssertionError: The return value must be a bool.", "AssertionError: The return value must be a bool.", "AssertionError: The return value must be a bool.", "AssertionError: The return value must be a bool.", "AssertionError: The return value must be a bool.", "AssertionError: The return value must be a bool.", "AssertionError: The return value must be a bool.", "AssertionError: The return value must be a bool.", "AssertionError: The return value must be a bool.", "AssertionError: The return value must be a bool.", "AssertionError: The return value must be a bool.", "AssertionError: The return value must be a bool.", "AssertionError: The return value must be a bool.", "AssertionError: The return value must be a bool.", "AssertionError: The return value must be a bool.", "AssertionError: The return value must be a bool.", "AssertionError: The return value must be a bool.", "AssertionError: The return value must be a bool.", "AssertionError: The return value must be a bool.", "AssertionError: The return value must be a bool.", "AssertionError: The return value must be a bool.", "AssertionError: The return value must be a bool.", "AssertionError: The return value must be a bool.", "AssertionError: The return value must be a bool.", "AssertionError: The return value must be a bool.", "AssertionError: The return value must be a bool.", "AssertionError: The return value must be a bool.", "AssertionError: The return value must be a bool.", "AssertionError: The return value must be a bool.", "AssertionError: The return value must be a bool.", "AssertionError: The return value must be a bool.", "AssertionError: The return value must be a bool.", "AssertionError: The return value must be a bool.", "AssertionError: The return value must be a bool.", "AssertionError: The return value must be a bool.", "AssertionError: The return value must be a bool.", "AssertionError: The return value must be a bool.", "AssertionError: The return value must be a bool.", "AssertionError: The return value must be a bool.", "AssertionError: The return value must be a bool.", "AssertionError: The return value must be a bool.", "AssertionError: The return value must be a bool.", "AssertionError: The return value must be a bool.", "AssertionError: The return value must be a bool.", "AssertionError: The return value must be a bool.", "AssertionError: The return value must be a bool.", "AssertionError: The return value must be a bool.", "AssertionError: The return value must be a bool.", "AssertionError: The return value must be a bool.", "AssertionError: The return value must be a bool.", "AssertionError: The return value must be a bool.", "AssertionError: The return value must be a bool.", "AssertionError: The return value must be a bool.", "AssertionError: The return value must be a bool.", "AssertionError: The return value must be a bool.", "AssertionError: The return value must be a bool.", "AssertionError: The return value must be a bool.", "AssertionError: The return value must be a bool.", "AssertionError: The return value must be a bool.", "AssertionError: The return value must be a bool.", "AssertionError: The return value must be a bool.", "AssertionError: The return value must be a bool.", "AssertionError: The return value must be a bool.", "AssertionError: The return value must be a bool.", "AssertionError: The return value must be a bool.", "AssertionError: The return value must be a bool.", "AssertionError: The return value must be a bool.", "AssertionError: The return value must be a bool.", "AssertionError: The return value must be a bool.", "AssertionError: The return value must be a bool.", "AssertionError: The return value must be a bool.", "AssertionError: The return value must be a bool.", "AssertionError: The return value must be a bool.", "AssertionError: The return value must be a bool.", "AssertionError: The return value must be a bool.", "AssertionError: The return value must be a bool.", "AssertionError: The return value must be a bool.", "AssertionError: The return value must be a bool.", "AssertionError: The return value must be a bool.", "AssertionError: The return value must be a bool.", "AssertionError: The return value must be a bool.", "AssertionError: The return value must be a bool.", "AssertionError: The return value must be a bool.", "AssertionError: The return value must be a bool.", "AssertionError: The return value must be a bool.", "AssertionError: The return value must be a bool.", "AssertionError: The return value must be a bool.", "AssertionError: The return value must be a bool.", "AssertionError: The return value must be a bool.", "AssertionError: The return value must be a bool.", "AssertionError: The return value must be a bool.", "AssertionError: The return value must be a bool.", "AssertionError: The return value must be a bool.", "AssertionError: The return value must be a bool.", "AssertionError: The return value must be a bool.", "AssertionError: The return value must be a bool.", "AssertionError: The return value must be a bool.", "AssertionError: The return value must be a bool.", "AssertionError: The return value must be a bool.", "AssertionError: The return value must be a bool.", "AssertionError: The return value must be a bool.", "AssertionError: The return value must be a bool.", "AssertionError: The return value must be a bool.", "AssertionError: The return value must be a bool.", "AssertionError: The return value must be a bool.", "AssertionError: The return value must be a bool.", "AssertionError: The return value must be a bool.", "AssertionError: The return value must be a bool.", "AssertionError: The return value must be a bool.", "AssertionError: The return value must be a bool.", "AssertionError: The return value must be a bool.", "AssertionError: The return value must be a bool.", "AssertionError: The return value must be a bool.", "AssertionError: The return value must be a bool.", "AssertionError: The return value must be a bool.", "AssertionError: The return value must be a bool.", "AssertionError: The return value must be a bool.", "AssertionError: The return value must be a bool.", "AssertionError: The return value must be a bool.", "AssertionError: The return value must be a bool.", "AssertionError: The return value must be a bool.", "AssertionError: The return value must be a bool.", "AssertionError: The return value must be a bool.", "AssertionError: The return value must be a bool.", "AssertionError: The return value must be a bool.", "AssertionError: The return value must be a bool.", "AssertionError: The return value must be a bool.", "AssertionError: The return value must be a bool.", "AssertionError: The return value must be a bool.", "AssertionError: The return value must be a bool.", "AssertionError: The return value must be a bool.", "AssertionError: The return value must be a bool.", "AssertionError: The return value must be a bool.", "AssertionError: The return value must be a bool.", "AssertionError: The return value must be a bool.", "AssertionError: The return value must be a bool.", "AssertionError: The return value must be a bool.", "AssertionError: The return value must be a bool.", "AssertionError: The return value must be a bool.", "AssertionError: The return value must be a bool.", "AssertionError: The return value must be a bool.", "AssertionError: The return value must be a bool.", "AssertionError: The return value must be a bool.", "AssertionError: The return value must be a bool.", "AssertionError: The return value must be a bool.", "AssertionError: The return value must be a bool.", "AssertionError: The return value must be a bool.", "AssertionError: The return value must be a bool.", "AssertionError: The return value must be a bool.", "AssertionError: The return value must be a bool.", "AssertionError: The return value must be a bool.", "AssertionError: The return value must be a bool.", "AssertionError: The return value must be a bool.", "AssertionError: The return value must be a bool.", "AssertionError: The return value must be a bool.", "AssertionError: The return value must be a bool.", "AssertionError: The return value must be a bool.", "AssertionError: The return value must be a bool.", "AssertionError: The return value must be a bool.", "AssertionError: The return value must be a bool.", "AssertionError: The return value must be a bool.", "AssertionError: The return value must be a bool.", "AssertionError: The return value must be a bool.", "AssertionError: The return value must be a bool.", "AssertionError: The return value must be a bool.", "AssertionError: The return value must be a bool.", "AssertionError: The return value must be a bool.", "AssertionError: The return value must be a bool.", "AssertionError: The return value must be a bool.", "AssertionError: The return value must be a bool.", "AssertionError: The return value must be a bool.", "AssertionError: The return value must be a bool.", "AssertionError: The return value must be a bool.", "AssertionError: The return value must be a bool.", "AssertionError: The return value must be a bool.", "AssertionError: The return value must be a bool.", "AssertionError: The return value must be a bool.", "AssertionError: The return value must be a bool.", "AssertionError: The return value must be a bool.", "AssertionError: The return value must be a bool.", "AssertionError: The return value must be a bool.", "AssertionError: The return value must be a bool.", "AssertionError: The return value must be a bool.", "AssertionError: The return value must be a bool.", "AssertionError: The return value must be a bool.", "AssertionError: The return value must be a bool.", "AssertionError: The return value must be a bool.", "AssertionError: The return value must be a bool.", "AssertionError: The return value must be a bool.", "AssertionError: The return value must be a bool.", "AssertionError: The return value must be a bool.", "AssertionError: The return value must be a bool.", "AssertionError: The return value must be a bool.", "AssertionError: The return value must be a bool.", "AssertionError: The return value must be a bool.", "AssertionError: The return value must be a bool.", "AssertionError: The return value must be a bool.", "AssertionError: The return value must be a bool.", "AssertionError: The return value must be a bool.", "AssertionError: The return value must be a bool.", "AssertionError: The return value must be a bool.", "AssertionError: The return value must be a bool.", "AssertionError: The return value must be a bool.", "AssertionError: The return value must be a bool.", "AssertionError: The return value must be a bool.", "AssertionError: The return value must be a bool.", "AssertionError: The return value must be a bool.", "AssertionError: The return value must be a bool.", "AssertionError: The return value must be a bool.", "AssertionError: The return value must be a bool.", "AssertionError: The return value must be a bool.", "AssertionError: The return value must be a bool.", "AssertionError: The return value must be a bool.", "AssertionError: The return value must be a bool.", "AssertionError: The return value must be a bool.", "AssertionError: The return value must be a bool.", "AssertionError: The return value must be a bool.", "AssertionError: The return value must be a bool.", "AssertionError: The return value must be a bool.", "AssertionError: The return value must be a bool.", "AssertionError: The return value must be a bool.", "AssertionError: The return value must be a bool.", "AssertionError: The return value must be a bool.", "AssertionError: The return value must be a bool.", "AssertionError: The return value must be a bool.", "AssertionError: The return value must be a bool.", "AssertionError: The return value must be a bool.", "AssertionError: The return value must be a bool.", "AssertionError: The return value must be a bool.", "AssertionError: The return value must be a bool.", "AssertionError: The return value must be a bool.", "AssertionError: The return value must be a bool.", "AssertionError: The return value must be a bool.", "AssertionError: The return value must be a bool.", "AssertionError: The return value must be a bool.", "AssertionError: The return value must be a bool.", "AssertionError: The return value must be a bool.", "AssertionError: The return value must be a bool.", "AssertionError: The return value must be a bool.", "AssertionError: The return value must be a bool.", "AssertionError: The return value must be a bool.", "AssertionError: The return value must be a bool.", "AssertionError: The return value must be a bool.", "AssertionError: The return value must be a bool.", "AssertionError: The return value must be a bool.", "AssertionError: The return value must be a bool.", "AssertionError: The return value must be a bool.", "AssertionError: The return value must be a bool.", "AssertionError: The return value must be a bool.", "AssertionError: The return value must be a bool.", "AssertionError: The return value must be a bool.", "AssertionError: The return value must be a bool.", "AssertionError: The return value must be a bool.", "AssertionError: The return value must be a bool.", "AssertionError: The return value must be a bool.", "AssertionError: The return value must be a bool.", "AssertionError: The return value must be a bool.", "AssertionError: The return value must be a bool.", "AssertionError: The return value must be a bool.", "AssertionError: The return value must be a bool.", "AssertionError: The return value must be a bool.", "AssertionError: The return value must be a bool.", "AssertionError: The return value must be a bool.", "AssertionError: The return value must be a bool.", "AssertionError: The return value must be a bool.", "AssertionError: The return value must be a bool.", "AssertionError: The return value must be a bool.", "AssertionError: The return value must be a bool.", "AssertionError: The return value must be a bool.", "AssertionError: The return value must be a bool.", "AssertionError: The return value must be a bool.", "AssertionError: The return value must be a bool.", "AssertionError: The return value must be a bool.", "AssertionError: The return value must be a bool.", "AssertionError: The return value must be a bool.", "AssertionError: The return value must be a bool.", "AssertionError: The return value must be a bool.", "AssertionError: The return value must be a bool.", "AssertionError: The return value must be a bool.", "AssertionError: The return value must be a bool.", "AssertionError: The return value must be a bool.", "AssertionError: The return value must be a bool.", "AssertionError: The return value must be a bool.", "AssertionError: The return value must be a bool.", "AssertionError: The return value must be a bool.", "AssertionError: The return value must be a bool.", "AssertionError: The return value must be a bool.", "AssertionError: The return value must be a bool.", "AssertionError: The return value must be a bool.", "AssertionError: The return value must be a bool.", "AssertionError: The return value must be a bool.", "AssertionError: The return value must be a bool.", "AssertionError: The return value must be a bool.", "AssertionError: The return value must be a bool.", "AssertionError: The return value must be a bool.", "AssertionError: The return value must be a bool.", "AssertionError: The return value must be a bool.", "AssertionError: The return value must be a bool.", "AssertionError: The return value must be a bool.", "AssertionError: The return value must be a bool.", "AssertionError: The return value must be a bool.", "AssertionError: The return value must be a bool.", "AssertionError: The return value must be a bool.", "AssertionError: The return value must be a bool.", "AssertionError: The return value must be a bool.", "AssertionError: The return value must be a bool.", "AssertionError: The return value must be a bool.", "AssertionError: The return value must be a bool.", "AssertionError: The return value must be a bool.", "AssertionError: The return value must be a bool.", "AssertionError: The return value must be a bool.", "AssertionError: The return value must be a bool.", "AssertionError: The return value must be a bool.", "AssertionError: The return value must be a bool.", "AssertionError: The return value must be a bool.", "AssertionError: The return value must be a bool.", "AssertionError: The return value must be a bool.", "AssertionError: The return value must be a bool.", "AssertionError: The return value must be a bool.", "AssertionError: The return value must be a bool.", "AssertionError: The return value must be a bool.", "AssertionError: The return value must be a bool.", "AssertionError: The return value must be a bool.", "AssertionError: The return value must be a bool.", "AssertionError: The return value must be a bool.", "AssertionError: The return value must be a bool.", "AssertionError: The return value must be a bool.", "AssertionError: The return value must be a bool.", "AssertionError: The return value must be a bool.", "AssertionError: The return value must be a bool.", "AssertionError: The return value must be a bool.", "AssertionError: The return value must be a bool.", "AssertionError: The return value must be a bool.", "AssertionError: The return value must be a bool.", "AssertionError: The return value must be a bool.", "AssertionError: The return value must be a bool.", "AssertionError: The return value must be a bool.", "AssertionError: The return value must be a bool.", "AssertionError: The return value must be a bool.", "AssertionError: The return value must be a bool.", "AssertionError: The return value must be a bool.", "AssertionError: The return value must be a bool.", "AssertionError: The return value must be a bool.", "AssertionError: The return value must be a bool.", "AssertionError: The return value must be a bool.", "AssertionError: The return value must be a bool.", "AssertionError: The return value must be a bool.", "AssertionError: The return value must be a bool.", "AssertionError: The return value must be a bool.", "AssertionError: The return value must be a bool.", "AssertionError: The return value must be a bool.", "AssertionError: The return value must be a bool.", "AssertionError: The return value must be a bool.", "AssertionError: The return value must be a bool.", "AssertionError: The return value must be a bool.", "AssertionError: The return value must be a bool.", "AssertionError: The return value must be a bool.", "AssertionError: The return value must be a bool.", "AssertionError: The return value must be a bool.", "AssertionError: The return value must be a bool.", "AssertionError: The return value must be a bool.", "AssertionError: The return value must be a bool.", "AssertionError: The return value must be a bool.", "AssertionError: The return value must be a bool.", "AssertionError: The return value must be a bool.", "AssertionError: The return value must be a bool.", "AssertionError: The return value must be a bool.", "AssertionError: The return value must be a bool.", "AssertionError: The return value must be a bool.", "AssertionError: The return value must be a bool.", "AssertionError: The return value must be a bool.", "AssertionError: The return value must be a bool.", "AssertionError: The return value must be a bool.", "AssertionError: The return value must be a bool.", "AssertionError: The return value must be a bool.", "AssertionError: The return value must be a bool.", "AssertionError: The return value must be a bool.", "AssertionError: The return value must be a bool.", "AssertionError: The return value must be a bool.", "AssertionError: The return value must be a bool.", "AssertionError: The return value must be a bool.", "AssertionError: The return value must be a bool.", "AssertionError: The return value must be a bool.", "AssertionError: The return value must be a bool.", "AssertionError: The return value must be a bool.", "AssertionError: The return value must be a bool.", "AssertionError: The return value must be a bool.", "AssertionError: The return value must be a bool.", "AssertionError: The return value must be a bool.", "AssertionError: The return value must be a bool.", "AssertionError: The return value must be a bool.", "AssertionError: The return value must be a bool.", "AssertionError: The return value must be a bool.", "AssertionError: The return value must be a bool.", "AssertionError: The return value must be a bool.", "AssertionError: The return value must be a bool.", "AssertionError: The return value must be a bool.", "AssertionError: The return value must be a bool.", "AssertionError: The return value must be a bool.", "AssertionError: The return value must be a bool.", "AssertionError: The return value must be a bool.", "AssertionError: The return value must be a bool.", "AssertionError: The return value must be a bool.", "AssertionError: The return value must be a bool.", "AssertionError: The return value must be a bool.", "AssertionError: The return value must be a bool.", "AssertionError: The return value must be a bool.", "AssertionError: The return value must be a bool.", "AssertionError: The return value must be a bool.", "AssertionError: The return value must be a bool.", "AssertionError: The return value must be a bool.", "AssertionError: The return value must be a bool.", "AssertionError: The return value must be a bool.", "AssertionError: The return value must be a bool.", "AssertionError: The return value must be a bool.", "AssertionError: The return value must be a bool.", "AssertionError: The return value must be a bool.", "AssertionError: The return value must be a bool.", "AssertionError: The return value must be a bool.", "AssertionError: The return value must be a bool.", "AssertionError: The return value must be a bool.", "AssertionError: The return value must be a bool.", "AssertionError: The return value must be a bool.", "AssertionError: The return value must be a bool.", "AssertionError: The return value must be a bool.", "AssertionError: The return value must be a bool.", "AssertionError: The return value must be a bool.", "AssertionError: The return value must be a bool.", "AssertionError: The return value must be a bool.", "AssertionError: The return value must be a bool.", "AssertionError: The return value must be a bool.", "AssertionError: The return value must be a bool.", "AssertionError: The return value must be a bool.", "AssertionError: The return value must be a bool.", "AssertionError: The return value must be a bool.", "AssertionError: The return value must be a bool.", "AssertionError: The return value must be a bool.", "AssertionError: The return value must be a bool.", "AssertionError: The return value must be a bool.", "AssertionError: The return value must be a bool.", "AssertionError: The return value must be a bool.", "AssertionError: The return value must be a bool.", "AssertionError: The return value must be a bool.", "AssertionError: The return value must be a bool.", "AssertionError: The return value must be a bool.", "AssertionError: The return value must be a bool.", "AssertionError: The return value must be a bool.", "AssertionError: The return value must be a bool.", "AssertionError: The return value must be a bool.", "AssertionError: The return value must be a bool.", "AssertionError: The return value must be a bool.", "AssertionError: The return value must be a bool.", "AssertionError: The return value must be a bool.", "AssertionError: The return value must be a bool.", "AssertionError: The return value must be a bool.", "AssertionError: The return value must be a bool.", "AssertionError: The return value must be a bool.", "AssertionError: The return value must be a bool.", "AssertionError: The return value must be a bool.", "AssertionError: The return value must be a bool.", "AssertionError: The return value must be a bool.", "AssertionError: The return value must be a bool.", "AssertionError: The return value must be a bool.", "AssertionError: The return value must be a bool.", "AssertionError: The return value must be a bool.", "AssertionError: The return value must be a bool.", "AssertionError: The return value must be a bool.", "AssertionError: The return value must be a bool.", "AssertionError: The return value must be a bool.", "AssertionError: The return value must be a bool.", "AssertionError: The return value must be a bool.", "AssertionError: The return value must be a bool.", "AssertionError: The return value must be a bool.", "AssertionError: The return value must be a bool.", "AssertionError: The return value must be a bool.", "AssertionError: The return value must be a bool.", "AssertionError: The return value must be a bool.", "AssertionError: The return value must be a bool.", "AssertionError: The return value must be a bool.", "AssertionError: The return value must be a bool.", "AssertionError: The return value must be a bool.", "AssertionError: The return value must be a bool.", "AssertionError: The return value must be a bool.", "AssertionError: The return value must be a bool.", "AssertionError: The return value must be a bool.", "AssertionError: The return value must be a bool.", "AssertionError: The return value must be a bool.", "AssertionError: The return value must be a bool.", "AssertionError: The return value must be a bool.", "AssertionError: The return value must be a bool.", "AssertionError: The return value must be a bool.", "AssertionError: The return value must be a bool.", "AssertionError: The return value must be a bool.", "AssertionError: The return value must be a bool.", "AssertionError: The return value must be a bool.", "AssertionError: The return value must be a bool.", "AssertionError: The return value must be a bool.", "AssertionError: The return value must be a bool.", "AssertionError: The return value must be a bool.", "AssertionError: The return value must be a bool.", "AssertionError: The return value must be a bool.", "AssertionError: The return value must be a bool.", "AssertionError: The return value must be a bool.", "AssertionError: The return value must be a bool.", "AssertionError: The return value must be a bool.", "AssertionError: The return value must be a bool.", "AssertionError: The return value must be a bool.", "AssertionError: The return value must be a bool.", "AssertionError: The return value must be a bool.", "AssertionError: The return value must be a bool.", "AssertionError: The return value must be a bool.", "AssertionError: The return value must be a bool.", "AssertionError: The return value must be a bool.", "AssertionError: The return value must be a bool.", "AssertionError: The return value must be a bool.", "AssertionError: The return value must be a bool.", "AssertionError: The return value must be a bool.", "AssertionError: The return value must be a bool.", "AssertionError: The return value must be a bool.", "AssertionError: The return value must be a bool.", "AssertionError: The return value must be a bool.", "AssertionError: The return value must be a bool.", "AssertionError: The return value must be a bool.", "AssertionError: The return value must be a bool.", "AssertionError: The return value must be a bool.", "AssertionError: The return value must be a bool.", "AssertionError: The return value must be a bool.", "AssertionError: The return value must be a bool.", "AssertionError: The return value must be a bool.", "AssertionError: The return value must be a bool.", "AssertionError: The return value must be a bool.", "AssertionError: The return value must be a bool.", "AssertionError: The return value must be a bool.", "AssertionError: The return value must be a bool.", "AssertionError: The return value must be a bool.", "AssertionError: The return value must be a bool.", "AssertionError: The return value must be a bool.", "AssertionError: The return value must be a bool.", "AssertionError: The return value must be a bool.", "AssertionError: The return value must be a bool.", "AssertionError: The return value must be a bool.", "AssertionError: The return value must be a bool.", "AssertionError: The return value must be a bool.", "AssertionError: The return value must be a bool.", "AssertionError: The return value must be a bool.", "AssertionError: The return value must be a bool.", "AssertionError: The return value must be a bool.", "AssertionError: The return value must be a bool.", "AssertionError: The return value must be a bool.", "AssertionError: The return value must be a bool.", "AssertionError: The return value must be a bool.", "AssertionError: The return value must be a bool.", "AssertionError: The return value must be a bool.", "AssertionError: The return value must be a bool.", "AssertionError: The return value must be a bool.", "AssertionError: The return value must be a bool.", "AssertionError: The return value must be a bool.", "AssertionError: The return value must be a bool.", "AssertionError: The return value must be a bool.", "AssertionError: The return value must be a bool.", "AssertionError: The return value must be a bool.", "AssertionError: The return value must be a bool.", "AssertionError: The return value must be a bool.", "AssertionError: The return value must be a bool.", "AssertionError: The return value must be a bool.", "AssertionError: The return value must be a bool.", "AssertionError: The return value must be a bool.", "AssertionError: The return value must be a bool.", "AssertionError: The return value must be a bool.", "AssertionError: The return value must be a bool.", "AssertionError: The return value must be a bool.", "AssertionError: The return value must be a bool.", "AssertionError: The return value must be a bool.", "AssertionError: The return value must be a bool.", "AssertionError: The return value must be a bool.", "AssertionError: The return value must be a bool.", "AssertionError: The return value must be a bool.", "AssertionError: The return value must be a bool.", "AssertionError: The return value must be a bool.", "AssertionError: The return value must be a bool.", "AssertionError: The return value must be a bool.", "AssertionError: The return value must be a bool.", "AssertionError: The return value must be a bool.", "AssertionError: The return value must be a bool.", "AssertionError: The return value must be a bool.", "AssertionError: The return value must be a bool.", "AssertionError: The return value must be a bool.", "AssertionError: The return value must be a bool.", "AssertionError: The return value must be a bool.", "AssertionError: The return value must be a bool.", "AssertionError: The return value must be a bool.", "AssertionError: The return value must be a bool.", "AssertionError: The return value must be a bool.", "AssertionError: The return value must be a bool.", "AssertionError: The return value must be a bool.", "AssertionError: The return value must be a bool.", "AssertionError: The return value must be a bool.", "AssertionError: The return value must be a bool.", "AssertionError: The return value must be a bool.", "AssertionError: The return value must be a bool.", "AssertionError: The return value must be a bool.", "AssertionError: The return value must be a bool.", "AssertionError: The return value must be a bool.", "AssertionError: The return value must be a bool.", "AssertionError: The return value must be a bool.", "AssertionError: The return value must be a bool.", "AssertionError: The return value must be a bool.", "AssertionError: The return value must be a bool.", "AssertionError: The return value must be a bool.", "AssertionError: The return value must be a bool.", "AssertionError: The return value must be a bool.", "AssertionError: The return value must be a bool.", "AssertionError: The return value must be a bool.", "AssertionError: The return value must be a bool.", "AssertionError: The return value must be a bool.", "AssertionError: The return value must be a bool.", "AssertionError: The return value must be a bool.", "AssertionError: The return value must be a bool.", "AssertionError: The return value must be a bool.", "AssertionError: The return value must be a bool.", "AssertionError: The return value must be a bool.", "AssertionError: The return value must be a bool.", "AssertionError: The return value must be a bool.", "AssertionError: The return value must be a bool.", "AssertionError: The return value must be a bool.", "AssertionError: The return value must be a bool.", "AssertionError: The return value must be a bool.", "AssertionError: The return value must be a bool.", "AssertionError: The return value must be a bool.", "AssertionError: The return value must be a bool.", "AssertionError: The return value must be a bool.", "AssertionError: The return value must be a bool.", "AssertionError: The return value must be a bool.", "AssertionError: The return value must be a bool.", "AssertionError: The return value must be a bool.", "AssertionError: The return value must be a bool.", "AssertionError: The return value must be a bool.", "AssertionError: The return value must be a bool.", "AssertionError: The return value must be a bool.", "AssertionError: The return value must be a bool.", "AssertionError: The return value must be a bool.", "AssertionError: The return value must be a bool.", "AssertionError: The return value must be a bool.", "AssertionError: The return value must be a bool.", "AssertionError: The return value must be a bool.", "AssertionError: The return value must be a bool.", "AssertionError: The return value must be a bool.", "AssertionError: The return value must be a bool.", "AssertionError: The return value must be a bool.", "AssertionError: The return value must be a bool.", "AssertionError: The return value must be a bool.", "AssertionError: The return value must be a bool.", "AssertionError: The return value must be a bool.", "AssertionError: The return value must be a bool.", "AssertionError: The return value must be a bool.", "AssertionError: The return value must be a bool.", "AssertionError: The return value must be a bool.", "AssertionError: The return value must be a bool.", "AssertionError: The return value must be a bool.", "AssertionError: The return value must be a bool.", "AssertionError: The return value must be a bool.", "AssertionError: The return value must be a bool.", "AssertionError: The return value must be a bool.", "AssertionError: The return value must be a bool.", "AssertionError: The return value must be a bool.", "AssertionError: The return value must be a bool.", "AssertionError: The return value must be a bool.", "AssertionError: The return value must be a bool.", "AssertionError: The return value must be a bool.", "AssertionError: The return value must be a bool.", "AssertionError: The return value must be a bool.", "AssertionError: The return value must be a bool.", "AssertionError: The return value must be a bool.", "AssertionError: The return value must be a bool.", "AssertionError: The return value must be a bool.", "AssertionError: The return value must be a bool.", "AssertionError: The return value must be a bool.", "AssertionError: The return value must be a bool.", "AssertionError: The return value must be a bool.", "AssertionError: The return value must be a bool.", "AssertionError: The return value must be a bool.", "AssertionError: The return value must be a bool.", "AssertionError: The return value must be a bool."]], ["killed at least one mutant", [1, 1], ["AssertionError: The return value must be a bool.", "AssertionError: The return value must be a bool."]], ["killed at least one mutant", [1, 1], ["AssertionError: The return value must be a bool.", "AssertionError: The return value must be a bool."]]]}}