{"HumanEval/155": {"nbuggyPrograms": 29, "buggy_code_response_num": [1, 8, 14, 78, 79, 131, 145, 192, 200, 202, 204, 205, 206, 208, 209, 210, 211, 216, 223, 233, 243, 244, 246, 264, 269, 277, 286, 287, 295], "post_condition_response_num": [4, 4, 4, 4, 4, 4, 4, 4, 4, 4, 4, 4, 4, 4, 4, 4, 4, 4, 4, 4, 4, 4, 4, 4, 4, 4, 4, 4, 4], "num_tests_run": 3324, "num_tests_killed": 459, "test_results": [["did not kill any mutants", [0, 0, 0, 0, 0, 0, 0, 0, 0, 0, 0, 0, 0, 0, 0, 0, 0, 0, 0, 0, 0, 0, 0, 0, 0, 0, 0, 0, 0, 0, 0, 0, 0, 0, 0, 0, 0, 0, 0, 0, 0, 0, 0, 0, 0, 0, 0, 0, 0, 0, 0, 0, 0, 0, 0, 0, 0, 0, 0, 0, 0, 0, 0, 0, 0, 0, 0, 0, 0, 0, 0, 0, 0, 0, 0, 0, 0, 0, 0, 0, 0, 0, 0, 0, 0, 0, 0, 0, 0, 0, 0, 0, 0, 0, 0, 0, 0, 0, 0, 0, 0, 0, 0, 0, 0, 0, 0, 0, 0, 0, 0, 0, 0, 0, 0, 0, 0, 0, 0, 0, 0, 0, 0, 0, 0, 0, 0, 0, 0], [null, null, null, null, null, null, null, null, null, null, null, null, null, null, null, null, null, null, null, null, null, null, null, null, null, null, null, null, null, null, null, null, null, null, null, null, null, null, null, null, null, null, null, null, null, null, null, null, null, null, null, null, null, null, null, null, null, null, null, null, null, null, null, null, null, null, null, null, null, null, null, null, null, null, null, null, null, null, null, null, null, null, null, null, null, null, null, null, null, null, null, null, null, null, null, null, null, null, null, null, null, null, null, null, null, null, null, null, null, null, null, null, null, null, null, null, null, null, null, null, null, null, null, null, null, null, null, null, null]], ["did not kill any mutants", [0], [null]], ["did not kill any mutants", [0, 0, 0, 0, 0, 0, 0, 0, 0, 0, 0, 0, 0, 0, 0, 0, 0, 0, 0, 0, 0, 0, 0, 0, 0, 0, 0, 0, 0, 0, 0, 0, 0, 0, 0, 0, 0, 0, 0, 0, 0, 0, 0, 0, 0, 0, 0, 0, 0, 0, 0, 0, 0, 0, 0, 0, 0, 0, 0, 0, 0, 0, 0, 0, 0, 0, 0, 0, 0, 0, 0, 0, 0, 0, 0, 0, 0, 0, 0, 0, 0, 0, 0, 0, 0, 0, 0, 0, 0, 0, 0, 0, 0, 0, 0, 0, 0, 0, 0, 0, 0, 0, 0, 0, 0, 0, 0, 0, 0, 0, 0, 0, 0, 0, 0, 0, 0, 0, 0, 0, 0, 0, 0, 0, 0, 0, 0, 0, 0, 0, 0, 0, 0, 0, 0, 0, 0, 0, 0, 0, 0, 0, 0, 0, 0, 0, 0, 0, 0, 0, 0, 0, 0], [null, null, null, null, null, null, null, null, null, null, null, null, null, null, null, null, null, null, null, null, null, null, null, null, null, null, null, null, null, null, null, null, null, null, null, null, null, null, null, null, null, null, null, null, null, null, null, null, null, null, null, null, null, null, null, null, null, null, null, null, null, null, null, null, null, null, null, null, null, null, null, null, null, null, null, null, null, null, null, null, null, null, null, null, null, null, null, null, null, null, null, null, null, null, null, null, null, null, null, null, null, null, null, null, null, null, null, null, null, null, null, null, null, null, null, null, null, null, null, null, null, null, null, null, null, null, null, null, null, null, null, null, null, null, null, null, null, null, null, null, null, null, null, null, null, null, null, null, null, null, null, null, null]], ["did not kill any mutants", [0, 0, 0, 0, 0, 0, 0, 0, 0, 0, 0, 0, 0, 0, 0, 0, 0, 0, 0, 0, 0, 0, 0, 0, 0, 0, 0, 0, 0, 0, 0, 0, 0, 0, 0, 0, 0, 0, 0, 0, 0, 0, 0, 0, 0, 0, 0, 0, 0, 0, 0, 0, 0, 0, 0, 0, 0, 0, 0, 0, 0, 0, 0, 0, 0, 0, 0, 0, 0, 0, 0, 0, 0, 0, 0, 0, 0, 0, 0, 0, 0, 0, 0, 0, 0, 0, 0, 0, 0, 0, 0, 0, 0, 0, 0, 0, 0, 0, 0, 0, 0, 0, 0], [null, null, null, null, null, null, null, null, null, null, null, null, null, null, null, null, null, null, null, null, null, null, null, null, null, null, null, null, null, null, null, null, null, null, null, null, null, null, null, null, null, null, null, null, null, null, null, null, null, null, null, null, null, null, null, null, null, null, null, null, null, null, null, null, null, null, null, null, null, null, null, null, null, null, null, null, null, null, null, null, null, null, null, null, null, null, null, null, null, null, null, null, null, null, null, null, null, null, null, null, null, null, null]], ["did not kill any mutants", [0, 0, 0, 0, 0, 0, 0, 0, 0, 0, 0, 0, 0, 0, 0, 0, 0, 0, 0, 0, 0, 0, 0, 0, 0, 0, 0, 0, 0, 0, 0, 0, 0, 0, 0, 0, 0, 0, 0, 0, 0, 0, 0, 0, 0, 0, 0, 0, 0, 0, 0, 0, 0, 0, 0, 0, 0, 0, 0, 0, 0, 0, 0, 0, 0, 0, 0, 0, 0, 0, 0, 0, 0, 0, 0, 0, 0, 0, 0, 0, 0, 0, 0, 0, 0, 0, 0, 0, 0, 0, 0, 0, 0, 0, 0, 0, 0, 0, 0, 0, 0, 0, 0, 0, 0, 0, 0, 0, 0, 0, 0, 0, 0, 0, 0, 0, 0, 0, 0, 0, 0, 0, 0, 0, 0, 0, 0, 0, 0, 0, 0, 0, 0, 0, 0, 0, 0, 0, 0, 0, 0, 0, 0, 0, 0, 0, 0, 0], [null, null, null, null, null, null, null, null, null, null, null, null, null, null, null, null, null, null, null, null, null, null, null, null, null, null, null, null, null, null, null, null, null, null, null, null, null, null, null, null, null, null, null, null, null, null, null, null, null, null, null, null, null, null, null, null, null, null, null, null, null, null, null, null, null, null, null, null, null, null, null, null, null, null, null, null, null, null, null, null, null, null, null, null, null, null, null, null, null, null, null, null, null, null, null, null, null, null, null, null, null, null, null, null, null, null, null, null, null, null, null, null, null, null, null, null, null, null, null, null, null, null, null, null, null, null, null, null, null, null, null, null, null, null, null, null, null, null, null, null, null, null, null, null, null, null, null, null]], ["did not kill any mutants", [0, 0, 0, 0, 0, 0, 0, 0, 0, 0, 0, 0, 0, 0, 0, 0, 0, 0, 0, 0, 0, 0, 0, 0, 0, 0, 0, 0, 0, 0, 0, 0, 0, 0, 0, 0, 0, 0, 0, 0, 0, 0, 0, 0, 0, 0, 0, 0, 0, 0, 0, 0, 0, 0, 0, 0, 0, 0, 0, 0, 0, 0, 0, 0, 0, 0, 0, 0, 0, 0, 0, 0, 0, 0, 0, 0, 0, 0, 0, 0, 0, 0, 0, 0, 0, 0, 0, 0, 0, 0, 0, 0, 0, 0, 0, 0, 0, 0, 0, 0, 0, 0, 0, 0, 0, 0, 0, 0, 0, 0, 0, 0, 0, 0, 0, 0, 0, 0, 0, 0, 0, 0, 0, 0, 0, 0, 0, 0, 0, 0, 0, 0, 0, 0, 0, 0, 0, 0, 0, 0, 0, 0, 0, 0, 0, 0, 0, 0, 0, 0, 0, 0, 0], [null, null, null, null, null, null, null, null, null, null, null, null, null, null, null, null, null, null, null, null, null, null, null, null, null, null, null, null, null, null, null, null, null, null, null, null, null, null, null, null, null, null, null, null, null, null, null, null, null, null, null, null, null, null, null, null, null, null, null, null, null, null, null, null, null, null, null, null, null, null, null, null, null, null, null, null, null, null, null, null, null, null, null, null, null, null, null, null, null, null, null, null, null, null, null, null, null, null, null, null, null, null, null, null, null, null, null, null, null, null, null, null, null, null, null, null, null, null, null, null, null, null, null, null, null, null, null, null, null, null, null, null, null, null, null, null, null, null, null, null, null, null, null, null, null, null, null, null, null, null, null, null, null]], ["did not kill any mutants", [0, 0, 0, 0, 0, 0, 0, 0, 0, 0, 0, 0, 0, 0, 0, 0, 0, 0, 0, 0, 0, 0, 0, 0, 0, 0, 0, 0, 0, 0, 0, 0, 0, 0, 0, 0, 0, 0, 0, 0, 0, 0, 0, 0, 0, 0, 0, 0, 0, 0, 0, 0, 0, 0, 0, 0, 0, 0, 0, 0, 0, 0, 0, 0, 0, 0, 0, 0, 0, 0, 0, 0, 0, 0, 0, 0, 0, 0, 0, 0, 0, 0, 0, 0, 0, 0, 0, 0, 0, 0, 0, 0, 0, 0, 0, 0, 0, 0, 0, 0, 0, 0, 0, 0, 0, 0, 0, 0, 0, 0, 0, 0, 0, 0, 0, 0, 0, 0, 0, 0, 0, 0, 0, 0, 0, 0, 0, 0, 0, 0, 0, 0, 0, 0, 0, 0, 0, 0, 0, 0, 0, 0, 0, 0, 0, 0], [null, null, null, null, null, null, null, null, null, null, null, null, null, null, null, null, null, null, null, null, null, null, null, null, null, null, null, null, null, null, null, null, null, null, null, null, null, null, null, null, null, null, null, null, null, null, null, null, null, null, null, null, null, null, null, null, null, null, null, null, null, null, null, null, null, null, null, null, null, null, null, null, null, null, null, null, null, null, null, null, null, null, null, null, null, null, null, null, null, null, null, null, null, null, null, null, null, null, null, null, null, null, null, null, null, null, null, null, null, null, null, null, null, null, null, null, null, null, null, null, null, null, null, null, null, null, null, null, null, null, null, null, null, null, null, null, null, null, null, null, null, null, null, null, null, null]], ["did not kill any mutants", [0, 0, 0, 0, 0, 0, 0, 0, 0, 0, 0, 0, 0, 0, 0, 0, 0, 0, 0, 0, 0, 0, 0, 0, 0, 0, 0, 0, 0, 0, 0, 0, 0, 0, 0, 0, 0, 0, 0, 0, 0, 0, 0, 0, 0, 0, 0, 0, 0, 0, 0, 0, 0, 0, 0, 0, 0, 0, 0, 0, 0, 0, 0, 0, 0, 0, 0, 0, 0, 0, 0, 0], [null, null, null, null, null, null, null, null, null, null, null, null, null, null, null, null, null, null, null, null, null, null, null, null, null, null, null, null, null, null, null, null, null, null, null, null, null, null, null, null, null, null, null, null, null, null, null, null, null, null, null, null, null, null, null, null, null, null, null, null, null, null, null, null, null, null, null, null, null, null, null, null]], ["did not kill any mutants", [0, 0, 0, 0, 0, 0, 0, 0, 0, 0, 0, 0, 0, 0, 0, 0, 0, 0, 0, 0, 0, 0, 0, 0, 0, 0, 0, 0, 0, 0, 0, 0, 0, 0, 0, 0, 0, 0, 0, 0, 0, 0, 0, 0, 0, 0, 0, 0, 0, 0, 0, 0, 0, 0, 0, 0, 0, 0, 0, 0, 0, 0, 0, 0, 0, 0, 0, 0, 0, 0, 0, 0, 0, 0, 0, 0, 0, 0, 0, 0, 0, 0, 0, 0, 0, 0, 0, 0, 0, 0, 0, 0, 0, 0, 0, 0, 0, 0, 0, 0, 0, 0, 0, 0, 0, 0, 0, 0, 0, 0, 0, 0, 0, 0, 0, 0, 0, 0, 0, 0, 0, 0, 0, 0, 0, 0, 0, 0, 0, 0, 0, 0, 0, 0, 0, 0, 0, 0, 0, 0, 0, 0, 0, 0, 0, 0, 0, 0], [null, null, null, null, null, null, null, null, null, null, null, null, null, null, null, null, null, null, null, null, null, null, null, null, null, null, null, null, null, null, null, null, null, null, null, null, null, null, null, null, null, null, null, null, null, null, null, null, null, null, null, null, null, null, null, null, null, null, null, null, null, null, null, null, null, null, null, null, null, null, null, null, null, null, null, null, null, null, null, null, null, null, null, null, null, null, null, null, null, null, null, null, null, null, null, null, null, null, null, null, null, null, null, null, null, null, null, null, null, null, null, null, null, null, null, null, null, null, null, null, null, null, null, null, null, null, null, null, null, null, null, null, null, null, null, null, null, null, null, null, null, null, null, null, null, null, null, null]], ["did not kill any mutants", [0, 0, 0, 0, 0, 0, 0, 0, 0, 0, 0, 0, 0, 0, 0, 0, 0, 0, 0, 0, 0, 0, 0, 0, 0, 0, 0, 0, 0, 0, 0, 0, 0, 0, 0, 0, 0, 0, 0, 0, 0, 0, 0, 0, 0, 0, 0, 0, 0, 0, 0, 0, 0, 0, 0, 0, 0, 0, 0, 0, 0, 0, 0, 0, 0, 0, 0, 0, 0, 0, 0, 0, 0, 0, 0, 0, 0, 0, 0, 0, 0, 0, 0, 0, 0, 0, 0, 0, 0, 0, 0, 0, 0, 0, 0, 0, 0, 0, 0, 0, 0, 0, 0, 0, 0, 0, 0, 0, 0, 0, 0, 0, 0, 0, 0, 0, 0, 0, 0, 0, 0, 0, 0, 0, 0, 0, 0, 0, 0, 0, 0, 0, 0, 0, 0, 0, 0, 0, 0, 0, 0, 0, 0, 0, 0, 0, 0, 0, 0, 0, 0, 0, 0, 0, 0, 0, 0, 0, 0, 0, 0], [null, null, null, null, null, null, null, null, null, "!!Timed out!!", null, null, null, null, null, null, null, null, null, "!!Timed out!!", null, null, null, null, null, "!!Timed out!!", null, null, null, null, null, null, null, "!!Timed out!!", null, null, "!!Timed out!!", null, null, null, null, "!!Timed out!!", null, null, null, null, null, null, null, null, null, null, null, null, null, null, null, null, null, null, null, null, null, null, null, null, null, null, null, null, null, null, null, null, null, null, "!!Timed out!!", "!!Timed out!!", null, null, null, null, null, null, null, null, null, null, null, null, null, null, null, null, null, null, null, null, null, null, null, null, null, null, null, null, null, null, null, null, null, null, null, null, null, null, null, null, null, null, null, null, null, null, null, null, null, null, null, null, null, null, null, null, null, null, null, null, null, null, null, null, null, null, null, null, null, null, null, null, null, null, null, null, null, null, null, null, null, null, null]], ["did not kill any mutants", [0, 0, 0, 0, 0, 0, 0, 0, 0, 0, 0, 0, 0, 0, 0, 0, 0, 0, 0, 0, 0, 0, 0, 0, 0, 0, 0, 0, 0, 0, 0, 0, 0, 0, 0, 0, 0, 0, 0, 0, 0, 0, 0, 0, 0, 0, 0, 0, 0, 0, 0, 0, 0, 0, 0, 0, 0, 0, 0, 0, 0, 0, 0, 0, 0, 0, 0, 0, 0, 0, 0, 0, 0, 0, 0, 0, 0, 0, 0, 0, 0, 0, 0, 0, 0, 0, 0], [null, null, null, null, null, null, null, null, null, null, null, null, null, null, null, null, null, null, null, null, null, null, null, null, null, null, null, null, null, null, null, null, null, null, null, null, null, null, null, null, null, null, null, null, null, null, null, null, null, null, null, null, null, null, null, null, null, null, null, null, null, null, null, null, null, null, null, null, null, null, null, null, null, null, null, null, null, null, null, null, null, null, null, null, null, null, null]], ["did not kill any mutants", [0, 0, 0, 0, 0, 0, 0, 0, 0, 0, 0, 0, 0, 0, 0, 0, 0, 0, 0, 0, 0, 0, 0, 0, 0, 0, 0, 0, 0, 0, 0, 0, 0, 0, 0, 0, 0, 0, 0, 0, 0, 0, 0, 0, 0, 0, 0, 0, 0, 0, 0, 0, 0, 0, 0, 0, 0, 0, 0, 0, 0, 0, 0, 0, 0, 0, 0, 0, 0, 0, 0, 0, 0, 0, 0, 0, 0, 0, 0, 0, 0, 0, 0, 0, 0, 0, 0, 0, 0, 0, 0, 0, 0, 0, 0, 0, 0, 0, 0, 0, 0], [null, null, null, null, null, null, null, null, null, null, null, null, null, null, null, null, null, null, null, null, null, null, null, null, null, null, null, null, null, null, null, null, null, null, null, null, null, null, null, null, null, null, null, null, null, null, null, null, null, null, null, null, null, null, null, null, null, null, null, null, null, null, null, null, null, null, null, null, null, null, null, null, null, null, null, null, null, null, null, null, null, null, null, null, null, null, null, null, null, null, null, null, null, null, null, null, null, null, null, null, null]], ["did not kill any mutants", [0, 0, 0, 0, 0, 0, 0, 0, 0, 0, 0, 0, 0, 0, 0, 0, 0, 0, 0, 0, 0, 0, 0, 0, 0, 0, 0, 0, 0, 0, 0, 0, 0, 0, 0, 0, 0, 0, 0, 0, 0, 0, 0, 0, 0, 0, 0, 0, 0, 0, 0, 0, 0, 0, 0, 0, 0, 0, 0, 0, 0, 0, 0, 0, 0, 0, 0, 0, 0, 0, 0, 0, 0, 0, 0, 0, 0, 0, 0, 0, 0, 0, 0, 0, 0, 0, 0, 0, 0, 0, 0, 0, 0, 0, 0, 0, 0, 0, 0, 0, 0, 0, 0, 0, 0, 0, 0, 0, 0, 0, 0, 0, 0, 0, 0, 0, 0, 0, 0, 0, 0, 0, 0, 0, 0, 0, 0, 0, 0, 0, 0, 0, 0, 0, 0, 0, 0, 0, 0, 0, 0, 0, 0, 0, 0, 0, 0, 0, 0, 0, 0, 0, 0, 0, 0, 0, 0, 0, 0], [null, null, null, null, null, null, null, null, null, null, null, null, null, null, null, null, null, null, null, null, null, null, null, null, null, null, null, null, null, null, null, null, null, null, null, null, null, null, null, null, null, null, null, null, null, null, null, null, null, null, null, null, null, null, null, null, null, null, null, null, null, null, null, null, null, null, null, null, null, null, null, null, null, null, null, null, null, null, null, null, null, null, null, null, null, null, null, null, null, null, null, null, null, null, null, null, null, null, null, null, null, null, null, null, null, null, null, null, null, null, null, null, null, null, null, null, null, null, null, null, null, null, null, null, null, null, null, null, null, null, null, null, null, null, null, null, null, null, null, null, null, null, null, null, null, null, null, null, null, null, null, null, null, null, null, null, null, null, null]], ["did not kill any mutants", [0, 0, 0, 0, 0, 0, 0, 0, 0, 0, 0, 0, 0, 0, 0, 0, 0, 0, 0, 0, 0, 0, 0, 0, 0, 0, 0, 0, 0, 0, 0, 0, 0, 0, 0, 0, 0, 0, 0, 0, 0, 0, 0, 0, 0, 0, 0, 0, 0, 0, 0, 0, 0, 0, 0, 0, 0, 0, 0, 0, 0, 0, 0, 0, 0, 0, 0, 0, 0, 0, 0, 0, 0, 0, 0, 0, 0, 0, 0, 0, 0, 0, 0, 0, 0, 0, 0, 0, 0, 0, 0, 0, 0, 0, 0, 0, 0, 0, 0, 0, 0, 0, 0, 0, 0, 0, 0, 0, 0, 0, 0, 0, 0, 0, 0, 0, 0, 0, 0, 0, 0, 0, 0, 0, 0, 0, 0, 0, 0, 0, 0, 0, 0, 0, 0, 0, 0, 0, 0, 0, 0, 0, 0, 0, 0, 0, 0, 0, 0, 0, 0, 0, 0, 0, 0, 0, 0, 0, 0, 0, 0, 0, 0, 0, 0, 0, 0, 0, 0, 0, 0], [null, null, null, null, null, null, null, null, null, null, null, null, null, null, null, null, null, null, null, null, null, null, null, null, null, null, null, null, null, null, null, null, null, null, null, null, null, null, null, null, null, null, null, null, null, null, null, null, null, null, null, null, null, null, null, null, null, null, null, null, null, null, null, null, null, null, null, null, null, null, null, null, null, null, null, null, null, null, null, null, null, null, null, null, null, null, null, null, null, null, null, null, null, null, null, null, null, null, null, null, null, null, null, null, null, null, null, null, null, null, null, null, null, null, null, null, null, null, null, null, null, null, null, null, null, null, null, null, null, null, null, null, null, null, null, null, null, null, null, null, null, null, null, null, null, null, null, null, null, null, null, null, null, null, null, null, null, null, null, null, null, null, null, null, null, null, null, null, null, null, null]], ["did not kill any mutants", [0, 0, 0, 0, 0, 0, 0, 0, 0, 0, 0, 0, 0, 0, 0, 0, 0, 0, 0, 0, 0, 0, 0, 0, 0, 0, 0, 0, 0, 0, 0, 0, 0, 0, 0, 0, 0, 0, 0, 0, 0, 0, 0, 0, 0, 0, 0, 0, 0, 0, 0, 0, 0, 0, 0, 0, 0, 0, 0, 0, 0, 0, 0, 0, 0, 0, 0, 0, 0, 0, 0, 0, 0, 0, 0, 0, 0, 0, 0, 0, 0, 0, 0, 0, 0, 0, 0], [null, null, null, null, null, null, null, null, null, null, null, null, null, null, null, null, null, null, null, null, null, null, null, null, null, null, null, null, null, null, null, null, null, null, null, null, null, null, null, null, null, null, null, null, null, null, null, null, null, null, null, null, null, null, null, null, null, null, null, null, null, null, null, null, null, null, null, null, null, null, null, null, null, null, null, null, null, null, null, null, null, null, null, null, null, null, null]], ["did not kill any mutants", [0, 0, 0, 0, 0, 0, 0, 0, 0, 0, 0, 0, 0, 0, 0, 0, 0, 0, 0, 0, 0, 0, 0, 0, 0, 0, 0, 0, 0, 0, 0, 0, 0, 0, 0, 0, 0, 0, 0, 0, 0, 0, 0, 0, 0, 0, 0, 0, 0, 0, 0, 0, 0, 0, 0, 0, 0, 0, 0, 0, 0, 0, 0, 0, 0, 0, 0, 0, 0, 0, 0, 0, 0, 0, 0, 0, 0, 0, 0, 0, 0, 0, 0, 0, 0, 0, 0], [null, null, null, null, null, null, null, null, null, null, null, null, null, null, null, null, null, null, null, null, null, null, null, null, null, null, null, null, null, null, null, null, null, null, null, null, null, null, null, null, null, null, null, null, null, null, null, null, null, null, null, null, null, null, null, null, null, null, null, null, null, null, null, null, null, null, null, null, null, null, null, null, null, null, null, null, null, null, null, null, null, null, null, null, null, null, null]], ["did not kill any mutants", [0, 0, 0, 0, 0, 0, 0, 0, 0, 0, 0, 0, 0, 0, 0, 0, 0, 0, 0, 0, 0, 0, 0, 0, 0, 0, 0, 0, 0, 0, 0, 0, 0, 0, 0, 0, 0, 0, 0, 0, 0, 0, 0, 0, 0, 0, 0, 0, 0, 0, 0, 0, 0, 0, 0, 0, 0, 0, 0, 0, 0, 0, 0, 0, 0, 0], [null, null, null, null, null, null, null, null, null, null, null, null, null, null, null, null, null, null, null, null, null, null, null, null, null, null, null, null, null, null, null, null, null, null, null, null, null, null, null, null, null, null, null, null, null, null, null, null, null, null, null, null, null, null, null, null, null, null, null, null, null, null, null, null, null, null]], ["did not kill any mutants", [0, 0, 0, 0, 0, 0, 0, 0, 0, 0, 0, 0, 0, 0, 0, 0, 0, 0, 0, 0, 0, 0, 0, 0, 0, 0, 0, 0, 0, 0, 0, 0, 0, 0, 0, 0, 0, 0, 0, 0, 0, 0, 0, 0, 0, 0, 0, 0, 0, 0, 0, 0, 0, 0, 0, 0, 0, 0, 0, 0, 0, 0], [null, null, null, null, null, null, null, null, null, null, null, null, null, null, null, null, null, null, null, null, null, null, null, null, null, null, null, null, null, null, null, null, null, null, null, null, null, null, null, null, null, null, null, null, null, null, null, null, null, null, null, null, null, null, null, null, null, null, null, null, null, null]], ["did not kill any mutants", [0, 0, 0, 0, 0, 0, 0, 0, 0, 0, 0, 0, 0, 0, 0, 0, 0, 0, 0, 0, 0, 0, 0, 0, 0, 0, 0, 0, 0, 0, 0, 0, 0, 0, 0, 0, 0, 0, 0, 0, 0, 0, 0, 0, 0, 0, 0, 0, 0, 0, 0, 0, 0, 0, 0, 0, 0, 0, 0, 0, 0, 0, 0, 0, 0, 0, 0, 0, 0, 0, 0, 0, 0, 0, 0, 0, 0], [null, null, null, null, null, null, null, null, null, null, null, null, null, null, null, null, null, null, null, null, null, null, null, null, null, null, null, null, null, null, null, null, null, null, null, null, null, null, null, null, null, null, null, null, null, null, null, null, null, null, null, null, null, null, null, null, null, null, null, null, null, null, null, null, null, null, null, null, null, null, null, null, null, null, null, null, null]], ["killed at least one mutant", [1, 1, 1, 1, 1, 1, 1, 1, 1, 1, 1, 1, 1, 1, 1, 1, 1, 1, 1, 1, 1, 1, 1, 1, 1, 1, 1, 1, 1, 1, 1, 1, 1, 1, 1, 1, 1, 1, 1, 1, 1, 1, 1, 1, 1, 1, 1, 1, 1, 1, 1, 1, 1, 1, 1, 1, 1, 1, 1, 1, 1, 1, 1, 1, 1, 1, 1, 1, 1, 1, 1, 1, 1, 1, 1, 1, 1, 1, 1, 1, 1, 1, 1, 1, 1, 1, 1, 1, 1, 1, 1, 1, 1, 1, 1, 1, 1, 1, 1, 1, 1, 1, 1, 1, 1, 1, 1, 1, 1, 1, 1, 1, 1, 1, 1, 1, 1, 1, 1, 1, 1, 1, 1, 1, 1, 1, 1, 1, 1, 1, 1, 1, 1, 1, 1, 1, 1, 1, 1, 1, 1, 1, 1, 1, 1, 1, 1, 1, 1, 1, 1, 1, 1, 1, 1, 1, 1, 1, 1, 1, 1, 1, 1, 1, 1, 1, 1, 1, 1, 1, 1, 1, 1, 1, 1, 1, 1, 1, 1, 1, 1, 1, 1, 1, 1, 1, 1, 1, 1, 1, 1, 1, 1, 1, 1, 1, 1, 1, 1, 1, 1, 1, 1, 1, 1, 1, 1, 1, 1, 1, 1, 1, 1, 1, 1, 1, 1, 1, 1, 1, 1, 1, 1, 1, 1, 1, 1, 1, 1, 1, 1, 1, 1, 1, 1, 1, 1, 1, 1, 1, 1, 1, 1, 1, 1, 1, 1, 1, 1, 1, 1, 1, 1, 1, 1], ["TypeError: 'NoneType' object is not iterable", "TypeError: 'NoneType' object is not iterable", "TypeError: 'NoneType' object is not iterable", "TypeError: 'NoneType' object is not iterable", "TypeError: 'NoneType' object is not iterable", "TypeError: 'NoneType' object is not iterable", "TypeError: 'NoneType' object is not iterable", "TypeError: 'NoneType' object is not iterable", "TypeError: 'NoneType' object is not iterable", "TypeError: 'NoneType' object is not iterable", "TypeError: 'NoneType' object is not iterable", "TypeError: 'NoneType' object is not iterable", "TypeError: 'NoneType' object is not iterable", "TypeError: 'NoneType' object is not iterable", "TypeError: 'NoneType' object is not iterable", "TypeError: 'NoneType' object is not iterable", "TypeError: 'NoneType' object is not iterable", "TypeError: 'NoneType' object is not iterable", "TypeError: 'NoneType' object is not iterable", "TypeError: 'NoneType' object is not iterable", "TypeError: 'NoneType' object is not iterable", "TypeError: 'NoneType' object is not iterable", "TypeError: 'NoneType' object is not iterable", "TypeError: 'NoneType' object is not iterable", "TypeError: 'NoneType' object is not iterable", "TypeError: 'NoneType' object is not iterable", "TypeError: 'NoneType' object is not iterable", "TypeError: 'NoneType' object is not iterable", "TypeError: 'NoneType' object is not iterable", "TypeError: 'NoneType' object is not iterable", "TypeError: 'NoneType' object is not iterable", "TypeError: 'NoneType' object is not iterable", "TypeError: 'NoneType' object is not iterable", "TypeError: 'NoneType' object is not iterable", "TypeError: 'NoneType' object is not iterable", "TypeError: 'NoneType' object is not iterable", "TypeError: 'NoneType' object is not iterable", "TypeError: 'NoneType' object is not iterable", "TypeError: 'NoneType' object is not iterable", "TypeError: 'NoneType' object is not iterable", "TypeError: 'NoneType' object is not iterable", "TypeError: 'NoneType' object is not iterable", "TypeError: 'NoneType' object is not iterable", "TypeError: 'NoneType' object is not iterable", "TypeError: 'NoneType' object is not iterable", "TypeError: 'NoneType' object is not iterable", "TypeError: 'NoneType' object is not iterable", "TypeError: 'NoneType' object is not iterable", "TypeError: 'NoneType' object is not iterable", "TypeError: 'NoneType' object is not iterable", "TypeError: 'NoneType' object is not iterable", "TypeError: 'NoneType' object is not iterable", "TypeError: 'NoneType' object is not iterable", "TypeError: 'NoneType' object is not iterable", "TypeError: 'NoneType' object is not iterable", "TypeError: 'NoneType' object is not iterable", "TypeError: 'NoneType' object is not iterable", "TypeError: 'NoneType' object is not iterable", "TypeError: 'NoneType' object is not iterable", "TypeError: 'NoneType' object is not iterable", "TypeError: 'NoneType' object is not iterable", "TypeError: 'NoneType' object is not iterable", "TypeError: 'NoneType' object is not iterable", "TypeError: 'NoneType' object is not iterable", "TypeError: 'NoneType' object is not iterable", "TypeError: 'NoneType' object is not iterable", "TypeError: 'NoneType' object is not iterable", "TypeError: 'NoneType' object is not iterable", "TypeError: 'NoneType' object is not iterable", "TypeError: 'NoneType' object is not iterable", "TypeError: 'NoneType' object is not iterable", "TypeError: 'NoneType' object is not iterable", "TypeError: 'NoneType' object is not iterable", "TypeError: 'NoneType' object is not iterable", "TypeError: 'NoneType' object is not iterable", "TypeError: 'NoneType' object is not iterable", "TypeError: 'NoneType' object is not iterable", "TypeError: 'NoneType' object is not iterable", "TypeError: 'NoneType' object is not iterable", "TypeError: 'NoneType' object is not iterable", "TypeError: 'NoneType' object is not iterable", "TypeError: 'NoneType' object is not iterable", "TypeError: 'NoneType' object is not iterable", "TypeError: 'NoneType' object is not iterable", "TypeError: 'NoneType' object is not iterable", "TypeError: 'NoneType' object is not iterable", "TypeError: 'NoneType' object is not iterable", "TypeError: 'NoneType' object is not iterable", "TypeError: 'NoneType' object is not iterable", "TypeError: 'NoneType' object is not iterable", "TypeError: 'NoneType' object is not iterable", "TypeError: 'NoneType' object is not iterable", "TypeError: 'NoneType' object is not iterable", "TypeError: 'NoneType' object is not iterable", "TypeError: 'NoneType' object is not iterable", "TypeError: 'NoneType' object is not iterable", "TypeError: 'NoneType' object is not iterable", "TypeError: 'NoneType' object is not iterable", "TypeError: 'NoneType' object is not iterable", "TypeError: 'NoneType' object is not iterable", "TypeError: 'NoneType' object is not iterable", "TypeError: 'NoneType' object is not iterable", "TypeError: 'NoneType' object is not iterable", "TypeError: 'NoneType' object is not iterable", "TypeError: 'NoneType' object is not iterable", "TypeError: 'NoneType' object is not iterable", "TypeError: 'NoneType' object is not iterable", "TypeError: 'NoneType' object is not iterable", "TypeError: 'NoneType' object is not iterable", "TypeError: 'NoneType' object is not iterable", "TypeError: 'NoneType' object is not iterable", "TypeError: 'NoneType' object is not iterable", "TypeError: 'NoneType' object is not iterable", "TypeError: 'NoneType' object is not iterable", "TypeError: 'NoneType' object is not iterable", "TypeError: 'NoneType' object is not iterable", "TypeError: 'NoneType' object is not iterable", "TypeError: 'NoneType' object is not iterable", "TypeError: 'NoneType' object is not iterable", "TypeError: 'NoneType' object is not iterable", "TypeError: 'NoneType' object is not iterable", "TypeError: 'NoneType' object is not iterable", "TypeError: 'NoneType' object is not iterable", "TypeError: 'NoneType' object is not iterable", "TypeError: 'NoneType' object is not iterable", "TypeError: 'NoneType' object is not iterable", "TypeError: 'NoneType' object is not iterable", "TypeError: 'NoneType' object is not iterable", "TypeError: 'NoneType' object is not iterable", "TypeError: 'NoneType' object is not iterable", "TypeError: 'NoneType' object is not iterable", "TypeError: 'NoneType' object is not iterable", "TypeError: 'NoneType' object is not iterable", "TypeError: 'NoneType' object is not iterable", "TypeError: 'NoneType' object is not iterable", "TypeError: 'NoneType' object is not iterable", "TypeError: 'NoneType' object is not iterable", "TypeError: 'NoneType' object is not iterable", "TypeError: 'NoneType' object is not iterable", "TypeError: 'NoneType' object is not iterable", "TypeError: 'NoneType' object is not iterable", "TypeError: 'NoneType' object is not iterable", "TypeError: 'NoneType' object is not iterable", "TypeError: 'NoneType' object is not iterable", "TypeError: 'NoneType' object is not iterable", "TypeError: 'NoneType' object is not iterable", "TypeError: 'NoneType' object is not iterable", "TypeError: 'NoneType' object is not iterable", "TypeError: 'NoneType' object is not iterable", "TypeError: 'NoneType' object is not iterable", "TypeError: 'NoneType' object is not iterable", "TypeError: 'NoneType' object is not iterable", "TypeError: 'NoneType' object is not iterable", "TypeError: 'NoneType' object is not iterable", "TypeError: 'NoneType' object is not iterable", "TypeError: 'NoneType' object is not iterable", "TypeError: 'NoneType' object is not iterable", "TypeError: 'NoneType' object is not iterable", "TypeError: 'NoneType' object is not iterable", "TypeError: 'NoneType' object is not iterable", "TypeError: 'NoneType' object is not iterable", "TypeError: 'NoneType' object is not iterable", "TypeError: 'NoneType' object is not iterable", "TypeError: 'NoneType' object is not iterable", "TypeError: 'NoneType' object is not iterable", "TypeError: 'NoneType' object is not iterable", "TypeError: 'NoneType' object is not iterable", "TypeError: 'NoneType' object is not iterable", "TypeError: 'NoneType' object is not iterable", "TypeError: 'NoneType' object is not iterable", "TypeError: 'NoneType' object is not iterable", "TypeError: 'NoneType' object is not iterable", "TypeError: 'NoneType' object is not iterable", "TypeError: 'NoneType' object is not iterable", "TypeError: 'NoneType' object is not iterable", "TypeError: 'NoneType' object is not iterable", "TypeError: 'NoneType' object is not iterable", "TypeError: 'NoneType' object is not iterable", "TypeError: 'NoneType' object is not iterable", "TypeError: 'NoneType' object is not iterable", "TypeError: 'NoneType' object is not iterable", "TypeError: 'NoneType' object is not iterable", "TypeError: 'NoneType' object is not iterable", "TypeError: 'NoneType' object is not iterable", "TypeError: 'NoneType' object is not iterable", "TypeError: 'NoneType' object is not iterable", "TypeError: 'NoneType' object is not iterable", "TypeError: 'NoneType' object is not iterable", "TypeError: 'NoneType' object is not iterable", "TypeError: 'NoneType' object is not iterable", "TypeError: 'NoneType' object is not iterable", "TypeError: 'NoneType' object is not iterable", "TypeError: 'NoneType' object is not iterable", "TypeError: 'NoneType' object is not iterable", "TypeError: 'NoneType' object is not iterable", "TypeError: 'NoneType' object is not iterable", "TypeError: 'NoneType' object is not iterable", "TypeError: 'NoneType' object is not iterable", "TypeError: 'NoneType' object is not iterable", "TypeError: 'NoneType' object is not iterable", "TypeError: 'NoneType' object is not iterable", "TypeError: 'NoneType' object is not iterable", "TypeError: 'NoneType' object is not iterable", "TypeError: 'NoneType' object is not iterable", "TypeError: 'NoneType' object is not iterable", "TypeError: 'NoneType' object is not iterable", "TypeError: 'NoneType' object is not iterable", "TypeError: 'NoneType' object is not iterable", "TypeError: 'NoneType' object is not iterable", "TypeError: 'NoneType' object is not iterable", "TypeError: 'NoneType' object is not iterable", "TypeError: 'NoneType' object is not iterable", "TypeError: 'NoneType' object is not iterable", "TypeError: 'NoneType' object is not iterable", "TypeError: 'NoneType' object is not iterable", "TypeError: 'NoneType' object is not iterable", "TypeError: 'NoneType' object is not iterable", "TypeError: 'NoneType' object is not iterable", "TypeError: 'NoneType' object is not iterable", "TypeError: 'NoneType' object is not iterable", "TypeError: 'NoneType' object is not iterable", "TypeError: 'NoneType' object is not iterable", "TypeError: 'NoneType' object is not iterable", "TypeError: 'NoneType' object is not iterable", "TypeError: 'NoneType' object is not iterable", "TypeError: 'NoneType' object is not iterable", "TypeError: 'NoneType' object is not iterable", "TypeError: 'NoneType' object is not iterable", "TypeError: 'NoneType' object is not iterable", "TypeError: 'NoneType' object is not iterable", "TypeError: 'NoneType' object is not iterable", "TypeError: 'NoneType' object is not iterable", "TypeError: 'NoneType' object is not iterable", "TypeError: 'NoneType' object is not iterable", "TypeError: 'NoneType' object is not iterable", "TypeError: 'NoneType' object is not iterable", "TypeError: 'NoneType' object is not iterable", "TypeError: 'NoneType' object is not iterable", "TypeError: 'NoneType' object is not iterable", "TypeError: 'NoneType' object is not iterable", "TypeError: 'NoneType' object is not iterable", "TypeError: 'NoneType' object is not iterable", "TypeError: 'NoneType' object is not iterable", "TypeError: 'NoneType' object is not iterable", "TypeError: 'NoneType' object is not iterable", "TypeError: 'NoneType' object is not iterable", "TypeError: 'NoneType' object is not iterable", "TypeError: 'NoneType' object is not iterable", "TypeError: 'NoneType' object is not iterable", "TypeError: 'NoneType' object is not iterable", "TypeError: 'NoneType' object is not iterable", "TypeError: 'NoneType' object is not iterable", "TypeError: 'NoneType' object is not iterable", "TypeError: 'NoneType' object is not iterable", "TypeError: 'NoneType' object is not iterable"]], ["did not kill any mutants", [0, 0, 0, 0, 0, 0, 0, 0, 0, 0, 0, 0, 0, 0, 0, 0, 0, 0, 0, 0, 0, 0, 0, 0, 0, 0, 0, 0, 0, 0, 0, 0, 0, 0, 0, 0, 0, 0, 0, 0, 0, 0, 0, 0, 0, 0, 0, 0, 0, 0, 0, 0, 0, 0, 0, 0, 0, 0, 0, 0, 0, 0, 0, 0, 0, 0, 0, 0, 0, 0, 0, 0, 0, 0, 0, 0, 0, 0, 0, 0], [null, null, null, null, null, null, null, null, null, null, null, null, null, null, null, null, null, null, null, null, null, null, null, null, null, null, null, null, null, null, null, null, null, null, null, null, null, null, null, null, null, null, null, null, null, null, null, null, null, null, null, null, null, null, null, null, null, null, null, null, null, null, null, null, null, null, null, null, null, null, null, null, null, null, null, null, null, null, null, null]], ["killed at least one mutant", [1, 1, 1, 1, 1, 1, 1, 1, 1, 1, 1, 1, 1, 1, 1, 1, 1, 1, 1, 1, 1, 1, 1, 1, 1, 1, 1, 1, 1, 1, 1, 1, 1, 1, 1, 1, 1, 1, 1, 1, 1, 1, 1, 1, 1, 1, 1, 1, 1, 1, 1, 1, 1, 1, 1, 1, 1, 1, 1, 1, 1, 1, 1, 1, 1, 1, 1, 1, 1, 1, 1, 1, 1, 1, 1, 1, 1, 1, 1, 1, 1, 1, 1, 1, 1, 1, 1, 1, 1, 1, 1, 1, 1, 1, 1, 1, 1, 1, 1, 1, 1, 1], ["TypeError: 'int' object is not iterable", "TypeError: 'int' object is not iterable", "TypeError: 'int' object is not iterable", "TypeError: 'int' object is not iterable", "TypeError: 'int' object is not iterable", "TypeError: 'int' object is not iterable", "TypeError: 'int' object is not iterable", "TypeError: 'int' object is not iterable", "TypeError: 'int' object is not iterable", "TypeError: 'int' object is not iterable", "TypeError: 'int' object is not iterable", "TypeError: 'int' object is not iterable", "TypeError: 'int' object is not iterable", "TypeError: 'int' object is not iterable", "TypeError: 'int' object is not iterable", "TypeError: 'int' object is not iterable", "TypeError: 'int' object is not iterable", "TypeError: 'int' object is not iterable", "TypeError: 'int' object is not iterable", "TypeError: 'int' object is not iterable", "TypeError: 'int' object is not iterable", "TypeError: 'int' object is not iterable", "TypeError: 'int' object is not iterable", "TypeError: 'int' object is not iterable", "TypeError: 'int' object is not iterable", "TypeError: 'int' object is not iterable", "TypeError: 'int' object is not iterable", "TypeError: 'int' object is not iterable", "TypeError: 'int' object is not iterable", "TypeError: 'int' object is not iterable", "TypeError: 'int' object is not iterable", "TypeError: 'int' object is not iterable", "TypeError: 'int' object is not iterable", "TypeError: 'int' object is not iterable", "TypeError: 'int' object is not iterable", "TypeError: 'int' object is not iterable", "TypeError: 'int' object is not iterable", "TypeError: 'int' object is not iterable", "TypeError: 'int' object is not iterable", "TypeError: 'int' object is not iterable", "TypeError: 'int' object is not iterable", "TypeError: 'int' object is not iterable", "TypeError: 'int' object is not iterable", "TypeError: 'int' object is not iterable", "TypeError: 'int' object is not iterable", "TypeError: 'int' object is not iterable", "TypeError: 'int' object is not iterable", "TypeError: 'int' object is not iterable", "TypeError: 'int' object is not iterable", "TypeError: 'int' object is not iterable", "TypeError: 'int' object is not iterable", "TypeError: 'int' object is not iterable", "TypeError: 'int' object is not iterable", "TypeError: 'int' object is not iterable", "TypeError: 'int' object is not iterable", "TypeError: 'int' object is not iterable", "TypeError: 'int' object is not iterable", "TypeError: 'int' object is not iterable", "TypeError: 'int' object is not iterable", "TypeError: 'int' object is not iterable", "TypeError: 'int' object is not iterable", "TypeError: 'int' object is not iterable", "TypeError: 'int' object is not iterable", "TypeError: 'int' object is not iterable", "TypeError: 'int' object is not iterable", "TypeError: 'int' object is not iterable", "TypeError: 'int' object is not iterable", "TypeError: 'int' object is not iterable", "TypeError: 'int' object is not iterable", "TypeError: 'int' object is not iterable", "TypeError: 'int' object is not iterable", "TypeError: 'int' object is not iterable", "TypeError: 'int' object is not iterable", "TypeError: 'int' object is not iterable", "TypeError: 'int' object is not iterable", "TypeError: 'int' object is not iterable", "TypeError: 'int' object is not iterable", "TypeError: 'int' object is not iterable", "TypeError: 'int' object is not iterable", "TypeError: 'int' object is not iterable", "TypeError: 'int' object is not iterable", "TypeError: 'int' object is not iterable", "TypeError: 'int' object is not iterable", "TypeError: 'int' object is not iterable", "TypeError: 'int' object is not iterable", "TypeError: 'int' object is not iterable", "TypeError: 'int' object is not iterable", "TypeError: 'int' object is not iterable", "TypeError: 'int' object is not iterable", "TypeError: 'int' object is not iterable", "TypeError: 'int' object is not iterable", "TypeError: 'int' object is not iterable", "TypeError: 'int' object is not iterable", "TypeError: 'int' object is not iterable", "TypeError: 'int' object is not iterable", "TypeError: 'int' object is not iterable", "TypeError: 'int' object is not iterable", "TypeError: 'int' object is not iterable", "TypeError: 'int' object is not iterable", "TypeError: 'int' object is not iterable", "TypeError: 'int' object is not iterable", "TypeError: 'int' object is not iterable"]], ["killed at least one mutant", [1, 1, 1, 1, 1, 1, 1, 1, 1, 1, 1, 1, 1, 1, 1, 1, 1, 1, 1, 1, 1, 1, 1, 1, 1, 1, 1, 1, 1, 1, 1, 1, 1, 1, 1, 1, 1, 1, 1, 1, 1, 1, 1, 1, 1, 1, 1, 1, 1, 1, 1, 1, 1, 1, 1, 1, 1, 1, 1, 1, 1, 1, 1, 1, 1, 1, 1, 1, 1, 1, 1, 1, 1, 1, 1, 1, 1, 1, 1, 1, 1, 1, 1, 1, 1, 1, 1, 1, 1, 1, 1, 1, 1, 1, 1, 1, 1, 1, 1, 1, 1, 1], ["AssertionError: Invalid return value", "AssertionError: Invalid return value", "AssertionError: Invalid return value", "AssertionError: Invalid return value", "AssertionError: Invalid return value", "AssertionError: Invalid return value", "AssertionError: Invalid return value", "AssertionError: Invalid return value", "AssertionError: Invalid return value", "AssertionError: Invalid return value", "AssertionError: Invalid return value", "AssertionError: Invalid return value", "AssertionError: Invalid return value", "AssertionError: Invalid return value", "AssertionError: Invalid return value", "AssertionError: Invalid return value", "AssertionError: Invalid return value", "AssertionError: Invalid return value", "AssertionError: Invalid return value", "AssertionError: Invalid return value", "AssertionError: Invalid return value", "AssertionError: Invalid return value", "AssertionError: Invalid return value", "AssertionError: Invalid return value", "AssertionError: Invalid return value", "AssertionError: Invalid return value", "AssertionError: Invalid return value", "AssertionError: Invalid return value", "AssertionError: Invalid return value", "AssertionError: Invalid return value", "AssertionError: Invalid return value", "AssertionError: Invalid return value", "AssertionError: Invalid return value", "AssertionError: Invalid return value", "AssertionError: Invalid return value", "AssertionError: Invalid return value", "AssertionError: Invalid return value", "AssertionError: Invalid return value", "AssertionError: Invalid return value", "AssertionError: Invalid return value", "AssertionError: Invalid return value", "AssertionError: Invalid return value", "AssertionError: Invalid return value", "AssertionError: Invalid return value", "AssertionError: Invalid return value", "AssertionError: Invalid return value", "AssertionError: Invalid return value", "AssertionError: Invalid return value", "AssertionError: Invalid return value", "AssertionError: Invalid return value", "AssertionError: Invalid return value", "AssertionError: Invalid return value", "AssertionError: Invalid return value", "AssertionError: Invalid return value", "AssertionError: Invalid return value", "AssertionError: Invalid return value", "AssertionError: Invalid return value", "AssertionError: Invalid return value", "AssertionError: Invalid return value", "AssertionError: Invalid return value", "AssertionError: Invalid return value", "AssertionError: Invalid return value", "AssertionError: Invalid return value", "AssertionError: Invalid return value", "AssertionError: Invalid return value", "AssertionError: Invalid return value", "AssertionError: Invalid return value", "AssertionError: Invalid return value", "AssertionError: Invalid return value", "AssertionError: Invalid return value", "AssertionError: Invalid return value", "AssertionError: Invalid return value", "AssertionError: Invalid return value", "AssertionError: Invalid return value", "AssertionError: Invalid return value", "AssertionError: Invalid return value", "AssertionError: Invalid return value", "AssertionError: Invalid return value", "AssertionError: Invalid return value", "AssertionError: Invalid return value", "AssertionError: Invalid return value", "AssertionError: Invalid return value", "AssertionError: Invalid return value", "AssertionError: Invalid return value", "AssertionError: Invalid return value", "AssertionError: Invalid return value", "AssertionError: Invalid return value", "AssertionError: Invalid return value", "AssertionError: Invalid return value", "AssertionError: Invalid return value", "AssertionError: Invalid return value", "AssertionError: Invalid return value", "AssertionError: Invalid return value", "AssertionError: Invalid return value", "AssertionError: Invalid return value", "AssertionError: Invalid return value", "AssertionError: Invalid return value", "AssertionError: Invalid return value", "AssertionError: Invalid return value", "AssertionError: Invalid return value", "AssertionError: Invalid return value", "AssertionError: Invalid return value"]], ["did not kill any mutants", [0, 0, 0, 0, 0, 0, 0, 0, 0, 0, 0, 0, 0, 0, 0, 0, 0, 0, 0, 0, 0, 0, 0, 0, 0, 0, 0, 0, 0, 0, 0, 0, 0, 0, 0, 0, 0, 0, 0, 0, 0, 0, 0, 0, 0, 0, 0, 0, 0, 0, 0, 0, 0, 0, 0, 0, 0, 0, 0, 0, 0, 0, 0, 0, 0, 0, 0, 0, 0, 0, 0, 0, 0, 0, 0, 0, 0, 0, 0, 0, 0, 0, 0, 0, 0, 0, 0, 0, 0, 0], [null, null, null, null, null, null, null, null, null, null, null, null, null, null, null, null, null, null, null, null, null, null, null, null, null, null, null, null, null, null, null, null, null, null, null, null, null, null, null, null, null, null, null, null, null, null, null, null, null, null, null, null, null, null, null, null, null, null, null, null, null, null, null, null, null, null, null, null, null, null, null, null, null, null, null, null, null, null, null, null, null, null, null, null, null, null, null, null, null, null]], ["did not kill any mutants", [0, 0, 0, 0, 0, 0, 0, 0, 0, 0, 0, 0, 0, 0, 0, 0, 0, 0, 0, 0, 0, 0, 0, 0, 0, 0, 0, 0, 0, 0, 0, 0, 0, 0, 0, 0, 0, 0, 0, 0, 0, 0, 0, 0, 0, 0, 0, 0, 0, 0, 0, 0, 0, 0, 0, 0, 0, 0, 0, 0, 0, 0, 0, 0, 0, 0, 0, 0, 0, 0, 0, 0, 0, 0, 0, 0, 0, 0, 0, 0, 0, 0, 0, 0, 0, 0, 0, 0, 0, 0, 0, 0, 0, 0, 0, 0, 0, 0, 0, 0, 0, 0, 0], [null, null, null, null, null, null, null, null, null, null, null, null, null, null, null, null, null, null, null, null, null, null, null, null, null, null, null, null, null, null, null, null, null, null, null, null, null, null, null, null, null, null, null, null, null, null, null, null, null, null, null, null, null, null, null, null, null, null, null, null, null, null, null, null, null, null, null, null, null, null, null, null, null, null, null, null, null, null, null, null, null, null, null, null, null, null, null, null, null, null, null, null, null, null, null, null, null, null, null, null, null, null, null]], ["did not kill any mutants", [0, 0, 0, 0, 0, 0, 0, 0, 0, 0, 0, 0, 0], [null, null, null, null, null, null, null, null, null, null, null, null, null]], ["did not kill any mutants", [0, 0, 0, 0, 0, 0, 0, 0, 0, 0, 0, 0, 0, 0, 0, 0, 0, 0, 0, 0, 0, 0, 0, 0, 0, 0, 0, 0, 0, 0, 0, 0, 0, 0, 0, 0, 0, 0, 0, 0, 0, 0, 0, 0, 0, 0, 0, 0, 0, 0, 0, 0, 0, 0, 0, 0, 0, 0, 0, 0, 0, 0, 0, 0, 0, 0, 0, 0, 0, 0, 0, 0, 0, 0, 0, 0, 0, 0, 0, 0, 0, 0, 0, 0, 0, 0, 0, 0, 0, 0, 0, 0, 0, 0, 0, 0, 0, 0, 0, 0, 0, 0, 0, 0, 0, 0, 0, 0, 0, 0, 0, 0, 0, 0, 0, 0, 0, 0, 0, 0, 0, 0, 0, 0, 0, 0], [null, null, null, null, null, null, null, null, null, null, null, null, null, null, null, null, null, null, null, null, null, null, null, null, null, null, null, null, null, null, null, null, null, null, null, null, null, null, null, null, null, null, null, null, null, null, null, null, null, null, null, null, null, null, null, null, null, null, null, null, null, null, null, null, null, null, null, null, null, null, null, null, null, null, null, null, null, null, null, null, null, null, null, null, null, null, null, null, null, null, null, null, null, null, null, null, null, null, null, null, null, null, null, null, null, null, null, null, null, null, null, null, null, null, null, null, null, null, null, null, null, null, null, null, null, null]], ["did not kill any mutants", [0, 0, 0, 0, 0, 0, 0, 0, 0, 0, 0, 0, 0, 0, 0, 0, 0, 0, 0, 0, 0, 0, 0, 0, 0, 0, 0, 0, 0, 0, 0, 0, 0, 0, 0, 0, 0, 0, 0, 0, 0, 0, 0, 0, 0, 0, 0, 0, 0, 0, 0, 0, 0, 0, 0, 0, 0, 0, 0, 0, 0, 0, 0, 0, 0, 0, 0, 0, 0, 0, 0, 0, 0, 0, 0, 0, 0, 0, 0, 0, 0, 0, 0, 0, 0, 0, 0, 0, 0, 0, 0, 0, 0, 0, 0, 0, 0, 0, 0, 0, 0, 0, 0, 0, 0, 0, 0, 0, 0, 0, 0, 0, 0, 0, 0, 0, 0, 0, 0, 0, 0, 0, 0, 0, 0, 0, 0, 0, 0, 0, 0, 0, 0, 0, 0, 0, 0, 0, 0, 0, 0, 0, 0, 0, 0, 0, 0, 0, 0, 0, 0, 0, 0, 0, 0, 0, 0, 0, 0, 0, 0, 0, 0, 0, 0, 0], [null, null, null, null, null, null, null, null, null, null, null, null, null, null, null, null, null, null, null, null, null, null, null, null, null, null, null, null, null, null, null, null, null, null, null, null, null, null, null, null, null, null, null, null, null, null, null, null, null, null, null, null, null, null, null, null, null, null, null, null, null, null, null, null, null, null, null, null, null, null, null, null, null, null, null, null, null, null, null, null, null, null, null, null, null, null, null, null, null, null, null, null, null, null, null, null, null, null, null, null, null, null, null, null, null, null, null, null, null, null, null, null, null, null, null, null, null, null, null, null, null, null, null, null, null, null, null, null, null, null, null, null, null, null, null, null, null, null, null, null, null, null, null, null, null, null, null, null, null, null, null, null, null, null, null, null, null, null, null, null, null, null, null, null, null, null]], ["did not kill any mutants", [0, 0, 0, 0, 0, 0, 0, 0, 0, 0, 0, 0, 0, 0, 0, 0, 0, 0, 0, 0, 0, 0, 0, 0, 0, 0, 0, 0, 0, 0, 0, 0, 0, 0, 0, 0, 0, 0, 0, 0, 0, 0, 0, 0, 0, 0, 0, 0, 0, 0, 0, 0, 0, 0, 0, 0, 0, 0, 0, 0, 0, 0, 0, 0, 0, 0, 0, 0, 0, 0, 0, 0, 0, 0, 0, 0, 0, 0, 0, 0, 0, 0, 0, 0, 0, 0, 0, 0, 0, 0, 0, 0, 0, 0, 0, 0, 0, 0, 0, 0, 0, 0, 0, 0, 0, 0, 0, 0, 0, 0, 0, 0, 0, 0, 0, 0, 0, 0, 0, 0, 0, 0, 0, 0, 0, 0, 0, 0, 0, 0, 0, 0, 0, 0, 0, 0, 0, 0, 0, 0, 0, 0, 0, 0, 0, 0, 0, 0, 0, 0, 0, 0, 0, 0, 0, 0, 0, 0, 0, 0, 0, 0, 0, 0, 0, 0, 0, 0, 0, 0, 0, 0, 0, 0, 0, 0], [null, null, null, null, null, null, null, null, null, null, null, null, null, null, null, null, null, null, null, null, null, null, null, null, null, null, null, null, null, null, null, null, null, null, null, null, null, null, null, null, null, null, null, null, null, null, null, null, null, null, null, null, null, null, null, null, null, null, null, null, null, null, null, null, null, null, null, null, null, null, null, null, null, null, null, null, null, null, null, null, null, null, null, null, null, null, null, null, null, null, null, null, null, null, null, null, null, null, null, null, null, null, null, null, null, null, null, null, null, null, null, null, null, null, null, null, null, null, null, null, null, null, null, null, null, null, null, null, null, null, null, null, null, null, null, null, null, null, null, null, null, null, null, null, null, null, null, null, null, null, null, null, null, null, null, null, null, null, null, null, null, null, null, null, null, null, null, null, null, null, null, null, null, null, null, null]]]}}