{"HumanEval/138": {"nbuggyPrograms": 8, "buggy_code_response_num": [1, 4, 5, 10, 14, 18, 235, 266], "post_condition_response_num": [3, 3, 3, 3, 3, 3, 3, 3], "num_tests_run": 144, "num_tests_killed": 31, "test_results": [["did not kill any mutants", [0, 0, 0, 0, 0, 0, 0, 0, 0, 0, 0, 0, 0, 0, 0, 0, 0, 0, 0, 0, 0, 0, 0, 0, 0, 0, 0, 0, 0, 0, 0, 0], [null, null, null, null, null, null, null, null, null, null, null, null, null, null, null, null, null, null, null, null, null, null, null, null, null, null, null, null, null, null, null, null]], ["did not kill any mutants", [0, 0, 0, 0, 0, 0, 0, 0, 0, 0, 0, 0, 0, 0, 0, 0], [null, null, null, null, null, null, null, null, null, null, null, null, null, null, null, null]], ["did not kill any mutants", [0, 0, 0, 0, 0, 0, 0, 0, 0, 0, 0, 0, 0, 0, 0, 0, 0, 0, 0, 0, 0, 0, 0, 0, 0, 0], [null, null, null, null, null, null, null, null, null, null, null, null, null, null, null, null, null, null, null, null, null, null, null, null, null, null]], ["did not kill any mutants", [0, 0, 0], [null, null, null]], ["did not kill any mutants", [0, 0, 0, 0, 0, 0, 0], [null, null, null, null, null, null, null]], ["did not kill any mutants", [0, 0, 0, 0, 0, 0, 0, 0], [null, null, null, null, null, null, null, null]], ["did not kill any mutants", [0, 0, 0, 0, 0, 0, 0, 0, 0, 0, 0, 0, 0, 0, 0, 0, 0, 0, 0, 0, 0], [null, null, null, null, null, null, null, null, null, null, null, null, null, null, null, null, null, null, null, null, null]], ["killed at least one mutant", [1, 1, 1, 1, 1, 1, 1, 1, 1, 1, 1, 1, 1, 1, 1, 1, 1, 1, 1, 1, 1, 1, 1, 1, 1, 1, 1, 1, 1, 1, 1], ["AssertionError", "AssertionError", "AssertionError", "AssertionError", "AssertionError", "AssertionError", "AssertionError", "AssertionError", "AssertionError", "AssertionError", "AssertionError", "AssertionError", "AssertionError", "AssertionError", "AssertionError", "AssertionError", "AssertionError", "AssertionError", "AssertionError", "AssertionError", "AssertionError", "AssertionError", "AssertionError", "AssertionError", "AssertionError", "AssertionError", "AssertionError", "AssertionError", "AssertionError", "AssertionError", "AssertionError"]]]}}