{"HumanEval/40": {"nbuggyPrograms": 10, "buggy_code_response_num": [23, 25, 34, 39, 52, 196, 201, 202, 227, 234], "post_condition_response_num": [8, 8, 8, 8, 8, 8, 8, 8, 8, 8], "num_tests_run": 1759, "num_tests_killed": 771, "test_results": [["did not kill any mutants", [0, 0, 0, 0, 0, 0, 0, 0, 0, 0, 0, 0, 0, 0, 0, 0, 0, 0, 0, 0, 0, 0, 0, 0, 0, 0, 0, 0, 0, 0, 0, 0, 0, 0, 0, 0, 0, 0, 0, 0], [null, null, null, null, null, null, null, null, null, null, null, null, null, null, null, null, null, null, null, null, null, null, null, null, null, null, null, null, null, null, null, null, null, null, null, null, null, null, null, null]], ["did not kill any mutants", [0, 0, 0, 0, 0, 0, 0, 0, 0, 0, 0, 0, 0, 0, 0, 0, 0, 0, 0, 0, 0, 0, 0, 0, 0, 0, 0, 0, 0, 0, 0, 0, 0], [null, null, null, null, null, null, null, null, null, null, null, null, null, null, null, null, null, null, null, null, null, null, null, null, null, null, null, null, null, null, null, null, null]], ["did not kill any mutants", [0, 0, 0, 0, 0, 0, 0, 0, 0, 0, 0, 0, 0, 0, 0, 0, 0, 0, 0, 0, 0, 0, 0, 0, 0, 0, 0, 0, 0, 0, 0, 0, 0, 0, 0, 0, 0, 0, 0, 0, 0, 0, 0, 0, 0, 0, 0, 0, 0, 0, 0, 0, 0, 0, 0, 0, 0, 0, 0, 0, 0, 0, 0, 0, 0, 0, 0, 0, 0, 0, 0, 0, 0, 0, 0, 0, 0, 0, 0, 0, 0, 0, 0, 0, 0, 0, 0, 0, 0, 0, 0, 0, 0, 0, 0, 0, 0, 0, 0, 0, 0, 0, 0, 0, 0, 0, 0, 0, 0, 0, 0, 0, 0, 0, 0, 0, 0, 0, 0, 0, 0, 0, 0, 0, 0, 0, 0, 0, 0, 0, 0, 0, 0, 0, 0, 0, 0, 0, 0, 0, 0, 0, 0, 0, 0, 0, 0, 0, 0, 0, 0, 0, 0, 0, 0, 0, 0, 0, 0, 0, 0, 0, 0, 0, 0, 0, 0, 0, 0, 0, 0, 0, 0, 0, 0, 0, 0, 0, 0, 0, 0, 0, 0, 0, 0, 0, 0, 0, 0, 0, 0, 0, 0, 0, 0, 0, 0, 0, 0, 0, 0, 0, 0, 0, 0, 0, 0, 0, 0, 0, 0, 0, 0, 0, 0, 0, 0, 0, 0, 0, 0, 0, 0, 0, 0, 0, 0, 0, 0, 0, 0, 0, 0, 0, 0, 0, 0, 0, 0, 0, 0, 0, 0, 0, 0, 0, 0, 0, 0, 0, 0, 0, 0, 0, 0, 0, 0, 0, 0, 0, 0, 0, 0, 0, 0, 0, 0, 0, 0, 0, 0, 0, 0, 0, 0, 0, 0, 0, 0, 0, 0, 0, 0, 0, 0, 0, 0, 0, 0, 0, 0, 0, 0, 0, 0, 0, 0, 0, 0, 0, 0, 0, 0, 0, 0, 0, 0, 0, 0, 0, 0, 0, 0, 0, 0, 0, 0, 0, 0, 0, 0, 0, 0, 0, 0, 0, 0, 0, 0, 0, 0, 0, 0, 0, 0, 0, 0, 0, 0, 0, 0, 0, 0, 0, 0, 0, 0, 0, 0, 0, 0, 0, 0, 0, 0, 0, 0, 0, 0, 0, 0, 0, 0, 0, 0, 0, 0, 0, 0, 0, 0, 0, 0, 0, 0, 0, 0, 0, 0, 0, 0, 0, 0, 0, 0, 0, 0, 0, 0, 0, 0, 0, 0, 0, 0, 0, 0, 0, 0, 0, 0, 0, 0, 0, 0, 0, 0, 0, 0, 0, 0, 0, 0, 0, 0, 0, 0, 0, 0, 0, 0, 0, 0, 0, 0, 0, 0, 0, 0, 0, 0, 0, 0, 0, 0, 0, 0, 0, 0, 0, 0, 0, 0, 0, 0, 0, 0, 0, 0, 0, 0, 0, 0, 0, 0, 0, 0, 0, 0, 0, 0, 0, 0, 0, 0, 0, 0, 0, 0, 0, 0, 0, 0, 0, 0, 0, 0, 0, 0, 0, 0, 0, 0, 0, 0, 0, 0, 0, 0, 0, 0, 0, 0, 0, 0, 0, 0, 0, 0, 0, 0, 0, 0, 0, 0, 0, 0, 0, 0, 0, 0, 0, 0, 0, 0, 0, 0, 0, 0, 0, 0, 0, 0, 0, 0, 0, 0, 0, 0, 0, 0, 0, 0, 0, 0, 0, 0, 0, 0, 0, 0, 0, 0, 0, 0, 0, 0, 0, 0, 0, 0, 0, 0, 0, 0, 0, 0, 0, 0, 0, 0, 0, 0, 0, 0, 0, 0, 0, 0, 0, 0, 0, 0, 0, 0, 0, 0, 0, 0, 0, 0, 0, 0, 0, 0, 0, 0, 0, 0, 0, 0, 0, 0, 0, 0, 0, 0, 0, 0, 0, 0, 0, 0, 0, 0, 0, 0, 0, 0, 0, 0, 0, 0, 0, 0, 0, 0, 0, 0, 0, 0, 0, 0, 0, 0, 0, 0, 0, 0, 0, 0, 0, 0, 0, 0, 0, 0, 0, 0, 0, 0, 0, 0, 0, 0, 0, 0, 0, 0, 0, 0, 0, 0, 0, 0, 0, 0, 0, 0, 0, 0, 0, 0, 0, 0, 0, 0, 0, 0, 0, 0, 0, 0, 0, 0, 0, 0, 0, 0, 0, 0], [null, null, null, null, null, null, null, null, null, null, null, null, null, null, null, null, null, null, null, null, null, null, null, null, null, null, null, null, null, null, null, null, null, null, null, null, null, null, null, null, null, null, null, null, null, null, null, null, null, null, null, null, null, null, null, null, null, null, null, null, null, null, null, null, null, null, null, null, null, null, null, null, null, null, null, null, null, null, null, null, null, null, null, null, null, null, null, null, null, null, null, null, null, null, null, null, null, null, null, null, null, null, null, null, null, null, null, null, null, null, null, null, null, null, null, null, null, null, null, null, null, null, null, null, null, null, null, null, null, null, null, null, null, null, null, null, null, null, null, null, null, null, null, null, null, null, null, null, null, null, null, null, null, null, null, null, null, null, null, null, null, null, null, null, null, null, null, null, null, null, null, null, null, null, null, null, null, null, null, null, null, null, null, null, null, null, null, null, null, null, null, null, null, null, null, null, null, null, null, null, null, null, null, null, null, null, null, null, null, null, null, null, null, null, null, null, null, null, null, null, null, null, null, null, null, null, null, null, null, null, null, null, null, null, null, null, null, null, null, null, null, null, null, null, null, null, null, null, null, null, null, null, null, null, null, null, null, null, null, null, null, null, null, null, null, null, null, null, null, null, null, null, null, null, null, null, null, null, null, null, null, null, null, null, null, null, null, null, null, null, null, null, null, null, null, null, null, null, null, null, null, null, null, null, null, null, null, null, null, null, null, null, null, null, null, null, null, null, null, null, null, null, null, null, null, null, null, null, null, null, null, null, null, null, null, null, null, null, null, null, null, null, null, null, null, null, null, null, null, null, null, null, null, null, null, null, null, null, null, null, null, null, null, null, null, null, null, null, null, null, null, null, null, null, null, null, null, null, null, null, null, null, null, null, null, null, null, null, null, null, null, null, null, null, null, null, null, null, null, null, null, null, null, null, null, null, null, null, null, null, null, null, null, null, null, null, null, null, null, null, null, null, null, null, null, null, null, null, null, null, null, null, null, null, null, null, null, null, null, null, null, null, null, null, null, null, null, null, null, null, null, null, null, null, null, null, null, null, null, null, null, null, null, null, null, null, null, null, null, null, null, null, null, null, null, null, null, null, null, null, null, null, null, null, null, null, null, null, null, null, null, null, null, null, null, null, null, null, null, null, null, null, null, null, null, null, null, null, null, null, null, null, null, null, null, null, null, null, null, null, null, null, null, null, null, null, null, null, null, null, null, null, null, null, null, null, null, null, null, null, null, null, null, null, null, null, null, null, null, null, null, null, null, null, null, null, null, null, null, null, null, null, null, null, null, null, null, null, null, null, null, null, null, null, null, null, null, null, null, null, null, null, null, null, null, null, null, null, null, null, null, null, null, null, null, null, null, null, null, null, null, null, null, null, null, null, null, null, null, null, null, null, null, null, null, null, null, null, null, null, null, null, null, null, null, null, null, null, null, null, null, null, null, null, null, null, null, null, null, null, null, null, null, null, null, null, null, null, null, null, null, null, null, null, null, null, null, null, null, null, null, null, null, null, null, null, null, null, null, null, null, null, null, null, null, null, null, null, null, null, null]], ["did not kill any mutants", [0, 0, 0, 0, 0, 0, 0, 0, 0, 0, 0, 0, 0, 0, 0, 0, 0, 0, 0, 0, 0, 0, 0, 0, 0, 0, 0, 0, 0, 0, 0, 0, 0, 0, 0, 0, 0, 0, 0, 0, 0, 0, 0, 0, 0, 0, 0, 0, 0, 0, 0, 0, 0, 0, 0, 0, 0, 0, 0, 0, 0, 0, 0, 0, 0, 0, 0, 0, 0], [null, null, null, null, null, null, null, null, null, null, null, null, null, null, null, null, null, null, null, null, null, null, null, null, null, null, null, null, null, null, null, null, null, null, null, null, null, null, null, null, null, null, null, null, null, null, null, null, null, null, null, null, null, null, null, null, null, null, null, null, null, null, null, null, null, null, null, null, null]], ["did not kill any mutants", [0, 0, 0, 0, 0, 0, 0, 0, 0, 0, 0, 0, 0, 0, 0, 0, 0, 0, 0, 0, 0, 0, 0, 0, 0, 0, 0, 0, 0, 0, 0, 0, 0, 0, 0, 0, 0], [null, null, null, null, null, null, null, null, null, null, null, null, null, null, null, null, null, null, null, null, null, null, null, null, null, null, null, null, null, null, null, null, null, null, null, null, null]], ["did not kill any mutants", [0, 0, 0], [null, null, null]], ["did not kill any mutants", [0, 0, 0, 0, 0, 0, 0, 0, 0, 0, 0, 0, 0, 0, 0, 0, 0, 0, 0, 0, 0, 0, 0, 0, 0, 0, 0, 0, 0, 0, 0, 0, 0, 0, 0, 0, 0, 0, 0, 0, 0, 0, 0, 0, 0, 0, 0, 0, 0, 0, 0, 0], [null, null, null, null, null, null, null, null, null, null, null, null, null, null, null, null, null, null, null, null, null, null, null, null, null, null, null, null, null, null, null, null, null, null, null, null, null, null, null, null, null, null, null, null, null, null, null, null, null, null, null, null]], ["did not kill any mutants", [0, 0, 0, 0, 0, 0, 0, 0, 0, 0, 0, 0, 0, 0, 0, 0, 0, 0, 0, 0, 0, 0, 0, 0, 0, 0, 0, 0, 0, 0, 0, 0, 0, 0, 0, 0, 0, 0, 0, 0, 0, 0, 0, 0, 0, 0, 0, 0, 0, 0, 0, 0, 0, 0, 0, 0, 0, 0, 0, 0, 0, 0, 0, 0, 0, 0, 0, 0, 0, 0, 0, 0, 0], [null, null, null, null, null, null, null, null, null, null, null, null, null, null, null, null, null, null, null, null, null, null, null, null, null, null, null, null, null, null, null, null, null, null, null, null, null, null, null, null, null, null, null, null, null, null, null, null, null, null, null, null, null, null, null, null, null, null, null, null, null, null, null, null, null, null, null, null, null, null, null, null, null]], ["killed at least one mutant", [1, 1, 1, 1, 1, 1, 1, 1, 1, 1, 1, 1, 1, 1, 1, 1, 1, 1, 1, 1, 1, 1, 1, 1, 1, 1, 1, 1, 1, 1, 1, 1, 1, 1, 1, 1, 1, 1, 1, 1, 1, 1, 1, 1, 1, 1, 1, 1, 1, 1, 1, 1, 1, 1, 1, 1, 1, 1, 1, 1, 1, 1, 1, 1, 1, 1, 1, 1, 1, 1, 1, 1, 1, 1, 1, 1, 1, 1, 1, 1, 1, 1, 1, 1, 1, 1, 1, 1, 1, 1, 1, 1, 1, 1, 1, 1, 1, 1, 1, 1, 1, 1, 1, 1, 1, 1, 1, 1, 1, 1, 1, 1, 1, 1, 1, 1, 1, 1, 1, 1, 1, 1, 1, 1, 1, 1, 1, 1, 1, 1, 1, 1, 1, 1, 1, 1, 1, 1, 1, 1, 1, 1, 1, 1, 1, 1, 1, 1, 1, 1, 1, 1, 1, 1, 1, 1, 1, 1, 1, 1, 1, 1, 1, 1, 1, 1, 1, 1, 1, 1, 1, 1, 1, 1, 1, 1, 1, 1, 1, 1, 1, 1, 1, 1, 1, 1, 1, 1, 1, 1, 1, 1, 1, 1, 1, 1, 1, 1, 1, 1, 1, 1, 1, 1, 1, 1, 1, 1, 1, 1, 1, 1, 1, 1, 1, 1, 1, 1, 1, 1, 1, 1, 1, 1, 1, 1, 1, 1, 1, 1, 1, 1, 1, 1, 1, 1, 1, 1, 1, 1, 1, 1, 1, 1, 1, 1, 1, 1, 1, 1, 1, 1, 1, 1, 1, 1, 1, 1, 1, 1, 1, 1, 1, 1, 1, 1, 1, 1, 1, 1, 1, 1, 1, 1, 1, 1, 1, 1, 1, 1, 1, 1, 1, 1, 1, 1, 1, 1, 1, 1, 1, 1, 1, 1, 1, 1, 1, 1, 1, 1, 1, 1, 1, 1, 1, 1, 1, 1, 1, 1, 1, 1, 1, 1, 1, 1, 1, 1, 1, 1, 1, 1, 1, 1, 1, 1, 1, 1, 1, 1, 1, 1, 1, 1, 1, 1, 1, 1, 1, 1, 1, 1, 1, 1, 1, 1, 1, 1, 1, 1, 1, 1, 1, 1, 1, 1, 1, 1, 1, 1, 1, 1, 1, 1, 1, 1, 1, 1, 1, 1, 1, 1, 1, 1, 1, 1, 1, 1, 1, 1, 1, 1, 1, 1, 1, 1, 1, 1, 1, 1, 1, 1, 1, 1, 1, 1, 1, 1, 1, 1, 1, 1, 1, 1, 1, 1, 1, 1, 1, 1, 1, 1, 1, 1, 1, 1, 1, 1, 1, 1, 1, 1, 1, 1, 1, 1, 1, 1, 1, 1, 1, 1, 1, 1, 1, 1, 1, 1, 1, 1, 1, 1, 1, 1, 1, 1, 1, 1, 1, 1, 1, 1, 1, 1, 1, 1, 1, 1, 1, 1, 1, 1, 1, 1, 1, 1, 1, 1, 1, 1, 1, 1, 1, 1, 1, 1, 1, 1, 1, 1, 1, 1, 1, 1, 1, 1, 1, 1, 1, 1, 1, 1, 1, 1, 1, 1, 1, 1, 1, 1, 1, 1, 1, 1, 1, 1, 1, 1, 1, 1, 1, 1, 1, 1, 1, 1, 1, 1, 1, 1, 1, 1, 1, 1, 1, 1, 1, 1, 1, 1, 1, 1, 1, 1, 1, 1, 1, 1, 1, 1, 1, 1, 1, 1, 1, 1, 1, 1, 1, 1, 1, 1, 1, 1, 1, 1, 1, 1, 1, 1, 1, 1, 1, 1, 1, 1, 1, 1, 1, 1, 1, 1, 1, 1, 1, 1, 1, 1, 1, 1, 1, 1, 1, 1, 1, 1, 1, 1, 1, 1, 1, 1, 1, 1, 1, 1, 1, 1, 1, 1, 1, 1, 1, 1, 1, 1, 1, 1, 1, 1, 1, 1, 1, 1, 1, 1, 1, 1, 1, 1, 1, 1, 1, 1, 1, 1, 1, 1, 1, 1, 1, 1, 1, 1, 1, 1, 1, 1, 1, 1, 1, 1, 1, 1, 1, 1, 1, 1, 1, 1, 1, 1, 1, 1, 1, 1, 1, 1, 1, 1, 1, 1, 1, 1, 1, 1, 1, 1, 1, 1, 1, 1, 1, 1, 1, 1, 1, 1, 1, 1, 1, 1, 1, 1, 1, 1, 1, 1, 1, 1, 1, 1, 1, 1, 1, 1, 1, 1, 1, 1, 1, 1, 1, 1, 1, 1, 1, 1, 1, 1, 1, 1, 1, 1, 1, 1, 1, 1, 1, 1, 1, 1, 1, 1, 1, 1, 1, 1, 1, 1, 1, 1, 1, 1, 1, 1, 1, 1, 1, 1, 1, 1, 1, 1, 1, 1, 1, 1, 1, 1, 1, 1, 1, 1, 1, 1, 1, 1, 1, 1], ["AssertionError: The return value must be of type bool.", "AssertionError: The return value must be of type bool.", "AssertionError: The return value must be of type bool.", "AssertionError: The return value must be of type bool.", "AssertionError: The return value must be of type bool.", "AssertionError: The return value must be of type bool.", "AssertionError: The return value must be of type bool.", "AssertionError: The return value must be of type bool.", "AssertionError: The return value must be of type bool.", "AssertionError: The return value must be of type bool.", "AssertionError: The return value must be of type bool.", "AssertionError: The return value must be of type bool.", "AssertionError: The return value must be of type bool.", "AssertionError: The return value must be of type bool.", "AssertionError: The return value must be of type bool.", "AssertionError: The return value must be of type bool.", "AssertionError: The return value must be of type bool.", "AssertionError: The return value must be of type bool.", "AssertionError: The return value must be of type bool.", "AssertionError: The return value must be of type bool.", "AssertionError: The return value must be of type bool.", "AssertionError: The return value must be of type bool.", "AssertionError: The return value must be of type bool.", "AssertionError: The return value must be of type bool.", "AssertionError: The return value must be of type bool.", "AssertionError: The return value must be of type bool.", "AssertionError: The return value must be of type bool.", "AssertionError: The return value must be of type bool.", "AssertionError: The return value must be of type bool.", "AssertionError: The return value must be of type bool.", "AssertionError: The return value must be of type bool.", "AssertionError: The return value must be of type bool.", "AssertionError: The return value must be of type bool.", "AssertionError: The return value must be of type bool.", "AssertionError: The return value must be of type bool.", "AssertionError: The return value must be of type bool.", "AssertionError: The return value must be of type bool.", "AssertionError: The return value must be of type bool.", "AssertionError: The return value must be of type bool.", "AssertionError: The return value must be of type bool.", "AssertionError: The return value must be of type bool.", "AssertionError: The return value must be of type bool.", "AssertionError: The return value must be of type bool.", "AssertionError: The return value must be of type bool.", "AssertionError: The return value must be of type bool.", "AssertionError: The return value must be of type bool.", "AssertionError: The return value must be of type bool.", "AssertionError: The return value must be of type bool.", "AssertionError: The return value must be of type bool.", "AssertionError: The return value must be of type bool.", "AssertionError: The return value must be of type bool.", "AssertionError: The return value must be of type bool.", "AssertionError: The return value must be of type bool.", "AssertionError: The return value must be of type bool.", "AssertionError: The return value must be of type bool.", "AssertionError: The return value must be of type bool.", "AssertionError: The return value must be of type bool.", "AssertionError: The return value must be of type bool.", "AssertionError: The return value must be of type bool.", "AssertionError: The return value must be of type bool.", "AssertionError: The return value must be of type bool.", "AssertionError: The return value must be of type bool.", "AssertionError: The return value must be of type bool.", "AssertionError: The return value must be of type bool.", "AssertionError: The return value must be of type bool.", "AssertionError: The return value must be of type bool.", "AssertionError: The return value must be of type bool.", "AssertionError: The return value must be of type bool.", "AssertionError: The return value must be of type bool.", "AssertionError: The return value must be of type bool.", "AssertionError: The return value must be of type bool.", "AssertionError: The return value must be of type bool.", "AssertionError: The return value must be of type bool.", "AssertionError: The return value must be of type bool.", "AssertionError: The return value must be of type bool.", "AssertionError: The return value must be of type bool.", "AssertionError: The return value must be of type bool.", "AssertionError: The return value must be of type bool.", "AssertionError: The return value must be of type bool.", "AssertionError: The return value must be of type bool.", "AssertionError: The return value must be of type bool.", "AssertionError: The return value must be of type bool.", "AssertionError: The return value must be of type bool.", "AssertionError: The return value must be of type bool.", "AssertionError: The return value must be of type bool.", "AssertionError: The return value must be of type bool.", "AssertionError: The return value must be of type bool.", "AssertionError: The return value must be of type bool.", "AssertionError: The return value must be of type bool.", "AssertionError: The return value must be of type bool.", "AssertionError: The return value must be of type bool.", "AssertionError: The return value must be of type bool.", "AssertionError: The return value must be of type bool.", "AssertionError: The return value must be of type bool.", "AssertionError: The return value must be of type bool.", "AssertionError: The return value must be of type bool.", "AssertionError: The return value must be of type bool.", "AssertionError: The return value must be of type bool.", "AssertionError: The return value must be of type bool.", "AssertionError: The return value must be of type bool.", "AssertionError: The return value must be of type bool.", "AssertionError: The return value must be of type bool.", "AssertionError: The return value must be of type bool.", "AssertionError: The return value must be of type bool.", "AssertionError: The return value must be of type bool.", "AssertionError: The return value must be of type bool.", "AssertionError: The return value must be of type bool.", "AssertionError: The return value must be of type bool.", "AssertionError: The return value must be of type bool.", "AssertionError: The return value must be of type bool.", "AssertionError: The return value must be of type bool.", "AssertionError: The return value must be of type bool.", "AssertionError: The return value must be of type bool.", "AssertionError: The return value must be of type bool.", "AssertionError: The return value must be of type bool.", "AssertionError: The return value must be of type bool.", "AssertionError: The return value must be of type bool.", "AssertionError: The return value must be of type bool.", "AssertionError: The return value must be of type bool.", "AssertionError: The return value must be of type bool.", "AssertionError: The return value must be of type bool.", "AssertionError: The return value must be of type bool.", "AssertionError: The return value must be of type bool.", "AssertionError: The return value must be of type bool.", "AssertionError: The return value must be of type bool.", "AssertionError: The return value must be of type bool.", "AssertionError: The return value must be of type bool.", "AssertionError: The return value must be of type bool.", "AssertionError: The return value must be of type bool.", "AssertionError: The return value must be of type bool.", "AssertionError: The return value must be of type bool.", "AssertionError: The return value must be of type bool.", "AssertionError: The return value must be of type bool.", "AssertionError: The return value must be of type bool.", "AssertionError: The return value must be of type bool.", "AssertionError: The return value must be of type bool.", "AssertionError: The return value must be of type bool.", "AssertionError: The return value must be of type bool.", "AssertionError: The return value must be of type bool.", "AssertionError: The return value must be of type bool.", "AssertionError: The return value must be of type bool.", "AssertionError: The return value must be of type bool.", "AssertionError: The return value must be of type bool.", "AssertionError: The return value must be of type bool.", "AssertionError: The return value must be of type bool.", "AssertionError: The return value must be of type bool.", "AssertionError: The return value must be of type bool.", "AssertionError: The return value must be of type bool.", "AssertionError: The return value must be of type bool.", "AssertionError: The return value must be of type bool.", "AssertionError: The return value must be of type bool.", "AssertionError: The return value must be of type bool.", "AssertionError: The return value must be of type bool.", "AssertionError: The return value must be of type bool.", "AssertionError: The return value must be of type bool.", "AssertionError: The return value must be of type bool.", "AssertionError: The return value must be of type bool.", "AssertionError: The return value must be of type bool.", "AssertionError: The return value must be of type bool.", "AssertionError: The return value must be of type bool.", "AssertionError: The return value must be of type bool.", "AssertionError: The return value must be of type bool.", "AssertionError: The return value must be of type bool.", "AssertionError: The return value must be of type bool.", "AssertionError: The return value must be of type bool.", "AssertionError: The return value must be of type bool.", "AssertionError: The return value must be of type bool.", "AssertionError: The return value must be of type bool.", "AssertionError: The return value must be of type bool.", "AssertionError: The return value must be of type bool.", "AssertionError: The return value must be of type bool.", "AssertionError: The return value must be of type bool.", "AssertionError: The return value must be of type bool.", "AssertionError: The return value must be of type bool.", "AssertionError: The return value must be of type bool.", "AssertionError: The return value must be of type bool.", "AssertionError: The return value must be of type bool.", "AssertionError: The return value must be of type bool.", "AssertionError: The return value must be of type bool.", "AssertionError: The return value must be of type bool.", "AssertionError: The return value must be of type bool.", "AssertionError: The return value must be of type bool.", "AssertionError: The return value must be of type bool.", "AssertionError: The return value must be of type bool.", "AssertionError: The return value must be of type bool.", "AssertionError: The return value must be of type bool.", "AssertionError: The return value must be of type bool.", "AssertionError: The return value must be of type bool.", "AssertionError: The return value must be of type bool.", "AssertionError: The return value must be of type bool.", "AssertionError: The return value must be of type bool.", "AssertionError: The return value must be of type bool.", "AssertionError: The return value must be of type bool.", "AssertionError: The return value must be of type bool.", "AssertionError: The return value must be of type bool.", "AssertionError: The return value must be of type bool.", "AssertionError: The return value must be of type bool.", "AssertionError: The return value must be of type bool.", "AssertionError: The return value must be of type bool.", "AssertionError: The return value must be of type bool.", "AssertionError: The return value must be of type bool.", "AssertionError: The return value must be of type bool.", "AssertionError: The return value must be of type bool.", "AssertionError: The return value must be of type bool.", "AssertionError: The return value must be of type bool.", "AssertionError: The return value must be of type bool.", "AssertionError: The return value must be of type bool.", "AssertionError: The return value must be of type bool.", "AssertionError: The return value must be of type bool.", "AssertionError: The return value must be of type bool.", "AssertionError: The return value must be of type bool.", "AssertionError: The return value must be of type bool.", "AssertionError: The return value must be of type bool.", "AssertionError: The return value must be of type bool.", "AssertionError: The return value must be of type bool.", "AssertionError: The return value must be of type bool.", "AssertionError: The return value must be of type bool.", "AssertionError: The return value must be of type bool.", "AssertionError: The return value must be of type bool.", "AssertionError: The return value must be of type bool.", "AssertionError: The return value must be of type bool.", "AssertionError: The return value must be of type bool.", "AssertionError: The return value must be of type bool.", "AssertionError: The return value must be of type bool.", "AssertionError: The return value must be of type bool.", "AssertionError: The return value must be of type bool.", "AssertionError: The return value must be of type bool.", "AssertionError: The return value must be of type bool.", "AssertionError: The return value must be of type bool.", "AssertionError: The return value must be of type bool.", "AssertionError: The return value must be of type bool.", "AssertionError: The return value must be of type bool.", "AssertionError: The return value must be of type bool.", "AssertionError: The return value must be of type bool.", "AssertionError: The return value must be of type bool.", "AssertionError: The return value must be of type bool.", "AssertionError: The return value must be of type bool.", "AssertionError: The return value must be of type bool.", "AssertionError: The return value must be of type bool.", "AssertionError: The return value must be of type bool.", "AssertionError: The return value must be of type bool.", "AssertionError: The return value must be of type bool.", "AssertionError: The return value must be of type bool.", "AssertionError: The return value must be of type bool.", "AssertionError: The return value must be of type bool.", "AssertionError: The return value must be of type bool.", "AssertionError: The return value must be of type bool.", "AssertionError: The return value must be of type bool.", "AssertionError: The return value must be of type bool.", "AssertionError: The return value must be of type bool.", "AssertionError: The return value must be of type bool.", "AssertionError: The return value must be of type bool.", "AssertionError: The return value must be of type bool.", "AssertionError: The return value must be of type bool.", "AssertionError: The return value must be of type bool.", "AssertionError: The return value must be of type bool.", "AssertionError: The return value must be of type bool.", "AssertionError: The return value must be of type bool.", "AssertionError: The return value must be of type bool.", "AssertionError: The return value must be of type bool.", "AssertionError: The return value must be of type bool.", "AssertionError: The return value must be of type bool.", "AssertionError: The return value must be of type bool.", "AssertionError: The return value must be of type bool.", "AssertionError: The return value must be of type bool.", "AssertionError: The return value must be of type bool.", "AssertionError: The return value must be of type bool.", "AssertionError: The return value must be of type bool.", "AssertionError: The return value must be of type bool.", "AssertionError: The return value must be of type bool.", "AssertionError: The return value must be of type bool.", "AssertionError: The return value must be of type bool.", "AssertionError: The return value must be of type bool.", "AssertionError: The return value must be of type bool.", "AssertionError: The return value must be of type bool.", "AssertionError: The return value must be of type bool.", "AssertionError: The return value must be of type bool.", "AssertionError: The return value must be of type bool.", "AssertionError: The return value must be of type bool.", "AssertionError: The return value must be of type bool.", "AssertionError: The return value must be of type bool.", "AssertionError: The return value must be of type bool.", "AssertionError: The return value must be of type bool.", "AssertionError: The return value must be of type bool.", "AssertionError: The return value must be of type bool.", "AssertionError: The return value must be of type bool.", "AssertionError: The return value must be of type bool.", "AssertionError: The return value must be of type bool.", "AssertionError: The return value must be of type bool.", "AssertionError: The return value must be of type bool.", "AssertionError: The return value must be of type bool.", "AssertionError: The return value must be of type bool.", "AssertionError: The return value must be of type bool.", "AssertionError: The return value must be of type bool.", "AssertionError: The return value must be of type bool.", "AssertionError: The return value must be of type bool.", "AssertionError: The return value must be of type bool.", "AssertionError: The return value must be of type bool.", "AssertionError: The return value must be of type bool.", "AssertionError: The return value must be of type bool.", "AssertionError: The return value must be of type bool.", "AssertionError: The return value must be of type bool.", "AssertionError: The return value must be of type bool.", "AssertionError: The return value must be of type bool.", "AssertionError: The return value must be of type bool.", "AssertionError: The return value must be of type bool.", "AssertionError: The return value must be of type bool.", "AssertionError: The return value must be of type bool.", "AssertionError: The return value must be of type bool.", "AssertionError: The return value must be of type bool.", "AssertionError: The return value must be of type bool.", "AssertionError: The return value must be of type bool.", "AssertionError: The return value must be of type bool.", "AssertionError: The return value must be of type bool.", "AssertionError: The return value must be of type bool.", "AssertionError: The return value must be of type bool.", "AssertionError: The return value must be of type bool.", "AssertionError: The return value must be of type bool.", "AssertionError: The return value must be of type bool.", "AssertionError: The return value must be of type bool.", "AssertionError: The return value must be of type bool.", "AssertionError: The return value must be of type bool.", "AssertionError: The return value must be of type bool.", "AssertionError: The return value must be of type bool.", "AssertionError: The return value must be of type bool.", "AssertionError: The return value must be of type bool.", "AssertionError: The return value must be of type bool.", "AssertionError: The return value must be of type bool.", "AssertionError: The return value must be of type bool.", "AssertionError: The return value must be of type bool.", "AssertionError: The return value must be of type bool.", "AssertionError: The return value must be of type bool.", "AssertionError: The return value must be of type bool.", "AssertionError: The return value must be of type bool.", "AssertionError: The return value must be of type bool.", "AssertionError: The return value must be of type bool.", "AssertionError: The return value must be of type bool.", "AssertionError: The return value must be of type bool.", "AssertionError: The return value must be of type bool.", "AssertionError: The return value must be of type bool.", "AssertionError: The return value must be of type bool.", "AssertionError: The return value must be of type bool.", "AssertionError: The return value must be of type bool.", "AssertionError: The return value must be of type bool.", "AssertionError: The return value must be of type bool.", "AssertionError: The return value must be of type bool.", "AssertionError: The return value must be of type bool.", "AssertionError: The return value must be of type bool.", "AssertionError: The return value must be of type bool.", "AssertionError: The return value must be of type bool.", "AssertionError: The return value must be of type bool.", "AssertionError: The return value must be of type bool.", "AssertionError: The return value must be of type bool.", "AssertionError: The return value must be of type bool.", "AssertionError: The return value must be of type bool.", "AssertionError: The return value must be of type bool.", "AssertionError: The return value must be of type bool.", "AssertionError: The return value must be of type bool.", "AssertionError: The return value must be of type bool.", "AssertionError: The return value must be of type bool.", "AssertionError: The return value must be of type bool.", "AssertionError: The return value must be of type bool.", "AssertionError: The return value must be of type bool.", "AssertionError: The return value must be of type bool.", "AssertionError: The return value must be of type bool.", "AssertionError: The return value must be of type bool.", "AssertionError: The return value must be of type bool.", "AssertionError: The return value must be of type bool.", "AssertionError: The return value must be of type bool.", "AssertionError: The return value must be of type bool.", "AssertionError: The return value must be of type bool.", "AssertionError: The return value must be of type bool.", "AssertionError: The return value must be of type bool.", "AssertionError: The return value must be of type bool.", "AssertionError: The return value must be of type bool.", "AssertionError: The return value must be of type bool.", "AssertionError: The return value must be of type bool.", "AssertionError: The return value must be of type bool.", "AssertionError: The return value must be of type bool.", "AssertionError: The return value must be of type bool.", "AssertionError: The return value must be of type bool.", "AssertionError: The return value must be of type bool.", "AssertionError: The return value must be of type bool.", "AssertionError: The return value must be of type bool.", "AssertionError: The return value must be of type bool.", "AssertionError: The return value must be of type bool.", "AssertionError: The return value must be of type bool.", "AssertionError: The return value must be of type bool.", "AssertionError: The return value must be of type bool.", "AssertionError: The return value must be of type bool.", "AssertionError: The return value must be of type bool.", "AssertionError: The return value must be of type bool.", "AssertionError: The return value must be of type bool.", "AssertionError: The return value must be of type bool.", "AssertionError: The return value must be of type bool.", "AssertionError: The return value must be of type bool.", "AssertionError: The return value must be of type bool.", "AssertionError: The return value must be of type bool.", "AssertionError: The return value must be of type bool.", "AssertionError: The return value must be of type bool.", "AssertionError: The return value must be of type bool.", "AssertionError: The return value must be of type bool.", "AssertionError: The return value must be of type bool.", "AssertionError: The return value must be of type bool.", "AssertionError: The return value must be of type bool.", "AssertionError: The return value must be of type bool.", "AssertionError: The return value must be of type bool.", "AssertionError: The return value must be of type bool.", "AssertionError: The return value must be of type bool.", "AssertionError: The return value must be of type bool.", "AssertionError: The return value must be of type bool.", "AssertionError: The return value must be of type bool.", "AssertionError: The return value must be of type bool.", "AssertionError: The return value must be of type bool.", "AssertionError: The return value must be of type bool.", "AssertionError: The return value must be of type bool.", "AssertionError: The return value must be of type bool.", "AssertionError: The return value must be of type bool.", "AssertionError: The return value must be of type bool.", "AssertionError: The return value must be of type bool.", "AssertionError: The return value must be of type bool.", "AssertionError: The return value must be of type bool.", "AssertionError: The return value must be of type bool.", "AssertionError: The return value must be of type bool.", "AssertionError: The return value must be of type bool.", "AssertionError: The return value must be of type bool.", "AssertionError: The return value must be of type bool.", "AssertionError: The return value must be of type bool.", "AssertionError: The return value must be of type bool.", "AssertionError: The return value must be of type bool.", "AssertionError: The return value must be of type bool.", "AssertionError: The return value must be of type bool.", "AssertionError: The return value must be of type bool.", "AssertionError: The return value must be of type bool.", "AssertionError: The return value must be of type bool.", "AssertionError: The return value must be of type bool.", "AssertionError: The return value must be of type bool.", "AssertionError: The return value must be of type bool.", "AssertionError: The return value must be of type bool.", "AssertionError: The return value must be of type bool.", "AssertionError: The return value must be of type bool.", "AssertionError: The return value must be of type bool.", "AssertionError: The return value must be of type bool.", "AssertionError: The return value must be of type bool.", "AssertionError: The return value must be of type bool.", "AssertionError: The return value must be of type bool.", "AssertionError: The return value must be of type bool.", "AssertionError: The return value must be of type bool.", "AssertionError: The return value must be of type bool.", "AssertionError: The return value must be of type bool.", "AssertionError: The return value must be of type bool.", "AssertionError: The return value must be of type bool.", "AssertionError: The return value must be of type bool.", "AssertionError: The return value must be of type bool.", "AssertionError: The return value must be of type bool.", "AssertionError: The return value must be of type bool.", "AssertionError: The return value must be of type bool.", "AssertionError: The return value must be of type bool.", "AssertionError: The return value must be of type bool.", "AssertionError: The return value must be of type bool.", "AssertionError: The return value must be of type bool.", "AssertionError: The return value must be of type bool.", "AssertionError: The return value must be of type bool.", "AssertionError: The return value must be of type bool.", "AssertionError: The return value must be of type bool.", "AssertionError: The return value must be of type bool.", "AssertionError: The return value must be of type bool.", "AssertionError: The return value must be of type bool.", "AssertionError: The return value must be of type bool.", "AssertionError: The return value must be of type bool.", "AssertionError: The return value must be of type bool.", "AssertionError: The return value must be of type bool.", "AssertionError: The return value must be of type bool.", "AssertionError: The return value must be of type bool.", "AssertionError: The return value must be of type bool.", "AssertionError: The return value must be of type bool.", "AssertionError: The return value must be of type bool.", "AssertionError: The return value must be of type bool.", "AssertionError: The return value must be of type bool.", "AssertionError: The return value must be of type bool.", "AssertionError: The return value must be of type bool.", "AssertionError: The return value must be of type bool.", "AssertionError: The return value must be of type bool.", "AssertionError: The return value must be of type bool.", "AssertionError: The return value must be of type bool.", "AssertionError: The return value must be of type bool.", "AssertionError: The return value must be of type bool.", "AssertionError: The return value must be of type bool.", "AssertionError: The return value must be of type bool.", "AssertionError: The return value must be of type bool.", "AssertionError: The return value must be of type bool.", "AssertionError: The return value must be of type bool.", "AssertionError: The return value must be of type bool.", "AssertionError: The return value must be of type bool.", "AssertionError: The return value must be of type bool.", "AssertionError: The return value must be of type bool.", "AssertionError: The return value must be of type bool.", "AssertionError: The return value must be of type bool.", "AssertionError: The return value must be of type bool.", "AssertionError: The return value must be of type bool.", "AssertionError: The return value must be of type bool.", "AssertionError: The return value must be of type bool.", "AssertionError: The return value must be of type bool.", "AssertionError: The return value must be of type bool.", "AssertionError: The return value must be of type bool.", "AssertionError: The return value must be of type bool.", "AssertionError: The return value must be of type bool.", "AssertionError: The return value must be of type bool.", "AssertionError: The return value must be of type bool.", "AssertionError: The return value must be of type bool.", "AssertionError: The return value must be of type bool.", "AssertionError: The return value must be of type bool.", "AssertionError: The return value must be of type bool.", "AssertionError: The return value must be of type bool.", "AssertionError: The return value must be of type bool.", "AssertionError: The return value must be of type bool.", "AssertionError: The return value must be of type bool.", "AssertionError: The return value must be of type bool.", "AssertionError: The return value must be of type bool.", "AssertionError: The return value must be of type bool.", "AssertionError: The return value must be of type bool.", "AssertionError: The return value must be of type bool.", "AssertionError: The return value must be of type bool.", "AssertionError: The return value must be of type bool.", "AssertionError: The return value must be of type bool.", "AssertionError: The return value must be of type bool.", "AssertionError: The return value must be of type bool.", "AssertionError: The return value must be of type bool.", "AssertionError: The return value must be of type bool.", "AssertionError: The return value must be of type bool.", "AssertionError: The return value must be of type bool.", "AssertionError: The return value must be of type bool.", "AssertionError: The return value must be of type bool.", "AssertionError: The return value must be of type bool.", "AssertionError: The return value must be of type bool.", "AssertionError: The return value must be of type bool.", "AssertionError: The return value must be of type bool.", "AssertionError: The return value must be of type bool.", "AssertionError: The return value must be of type bool.", "AssertionError: The return value must be of type bool.", "AssertionError: The return value must be of type bool.", "AssertionError: The return value must be of type bool.", "AssertionError: The return value must be of type bool.", "AssertionError: The return value must be of type bool.", "AssertionError: The return value must be of type bool.", "AssertionError: The return value must be of type bool.", "AssertionError: The return value must be of type bool.", "AssertionError: The return value must be of type bool.", "AssertionError: The return value must be of type bool.", "AssertionError: The return value must be of type bool.", "AssertionError: The return value must be of type bool.", "AssertionError: The return value must be of type bool.", "AssertionError: The return value must be of type bool.", "AssertionError: The return value must be of type bool.", "AssertionError: The return value must be of type bool.", "AssertionError: The return value must be of type bool.", "AssertionError: The return value must be of type bool.", "AssertionError: The return value must be of type bool.", "AssertionError: The return value must be of type bool.", "AssertionError: The return value must be of type bool.", "AssertionError: The return value must be of type bool.", "AssertionError: The return value must be of type bool.", "AssertionError: The return value must be of type bool.", "AssertionError: The return value must be of type bool.", "AssertionError: The return value must be of type bool.", "AssertionError: The return value must be of type bool.", "AssertionError: The return value must be of type bool.", "AssertionError: The return value must be of type bool.", "AssertionError: The return value must be of type bool.", "AssertionError: The return value must be of type bool.", "AssertionError: The return value must be of type bool.", "AssertionError: The return value must be of type bool.", "AssertionError: The return value must be of type bool.", "AssertionError: The return value must be of type bool.", "AssertionError: The return value must be of type bool.", "AssertionError: The return value must be of type bool.", "AssertionError: The return value must be of type bool.", "AssertionError: The return value must be of type bool.", "AssertionError: The return value must be of type bool.", "AssertionError: The return value must be of type bool.", "AssertionError: The return value must be of type bool.", "AssertionError: The return value must be of type bool.", "AssertionError: The return value must be of type bool.", "AssertionError: The return value must be of type bool.", "AssertionError: The return value must be of type bool.", "AssertionError: The return value must be of type bool.", "AssertionError: The return value must be of type bool.", "AssertionError: The return value must be of type bool.", "AssertionError: The return value must be of type bool.", "AssertionError: The return value must be of type bool.", "AssertionError: The return value must be of type bool.", "AssertionError: The return value must be of type bool.", "AssertionError: The return value must be of type bool.", "AssertionError: The return value must be of type bool.", "AssertionError: The return value must be of type bool.", "AssertionError: The return value must be of type bool.", "AssertionError: The return value must be of type bool.", "AssertionError: The return value must be of type bool.", "AssertionError: The return value must be of type bool.", "AssertionError: The return value must be of type bool.", "AssertionError: The return value must be of type bool.", "AssertionError: The return value must be of type bool.", "AssertionError: The return value must be of type bool.", "AssertionError: The return value must be of type bool.", "AssertionError: The return value must be of type bool.", "AssertionError: The return value must be of type bool.", "AssertionError: The return value must be of type bool.", "AssertionError: The return value must be of type bool.", "AssertionError: The return value must be of type bool.", "AssertionError: The return value must be of type bool.", "AssertionError: The return value must be of type bool.", "AssertionError: The return value must be of type bool.", "AssertionError: The return value must be of type bool.", "AssertionError: The return value must be of type bool.", "AssertionError: The return value must be of type bool.", "AssertionError: The return value must be of type bool.", "AssertionError: The return value must be of type bool.", "AssertionError: The return value must be of type bool.", "AssertionError: The return value must be of type bool.", "AssertionError: The return value must be of type bool.", "AssertionError: The return value must be of type bool.", "AssertionError: The return value must be of type bool.", "AssertionError: The return value must be of type bool.", "AssertionError: The return value must be of type bool.", "AssertionError: The return value must be of type bool.", "AssertionError: The return value must be of type bool.", "AssertionError: The return value must be of type bool.", "AssertionError: The return value must be of type bool.", "AssertionError: The return value must be of type bool.", "AssertionError: The return value must be of type bool.", "AssertionError: The return value must be of type bool.", "AssertionError: The return value must be of type bool.", "AssertionError: The return value must be of type bool.", "AssertionError: The return value must be of type bool.", "AssertionError: The return value must be of type bool.", "AssertionError: The return value must be of type bool.", "AssertionError: The return value must be of type bool.", "AssertionError: The return value must be of type bool.", "AssertionError: The return value must be of type bool.", "AssertionError: The return value must be of type bool.", "AssertionError: The return value must be of type bool.", "AssertionError: The return value must be of type bool.", "AssertionError: The return value must be of type bool.", "AssertionError: The return value must be of type bool.", "AssertionError: The return value must be of type bool.", "AssertionError: The return value must be of type bool.", "AssertionError: The return value must be of type bool.", "AssertionError: The return value must be of type bool.", "AssertionError: The return value must be of type bool.", "AssertionError: The return value must be of type bool.", "AssertionError: The return value must be of type bool.", "AssertionError: The return value must be of type bool.", "AssertionError: The return value must be of type bool.", "AssertionError: The return value must be of type bool.", "AssertionError: The return value must be of type bool.", "AssertionError: The return value must be of type bool.", "AssertionError: The return value must be of type bool.", "AssertionError: The return value must be of type bool.", "AssertionError: The return value must be of type bool.", "AssertionError: The return value must be of type bool.", "AssertionError: The return value must be of type bool.", "AssertionError: The return value must be of type bool.", "AssertionError: The return value must be of type bool.", "AssertionError: The return value must be of type bool.", "AssertionError: The return value must be of type bool.", "AssertionError: The return value must be of type bool.", "AssertionError: The return value must be of type bool.", "AssertionError: The return value must be of type bool.", "AssertionError: The return value must be of type bool.", "AssertionError: The return value must be of type bool.", "AssertionError: The return value must be of type bool.", "AssertionError: The return value must be of type bool.", "AssertionError: The return value must be of type bool.", "AssertionError: The return value must be of type bool.", "AssertionError: The return value must be of type bool.", "AssertionError: The return value must be of type bool.", "AssertionError: The return value must be of type bool.", "AssertionError: The return value must be of type bool.", "AssertionError: The return value must be of type bool.", "AssertionError: The return value must be of type bool.", "AssertionError: The return value must be of type bool.", "AssertionError: The return value must be of type bool.", "AssertionError: The return value must be of type bool.", "AssertionError: The return value must be of type bool.", "AssertionError: The return value must be of type bool.", "AssertionError: The return value must be of type bool.", "AssertionError: The return value must be of type bool.", "AssertionError: The return value must be of type bool.", "AssertionError: The return value must be of type bool.", "AssertionError: The return value must be of type bool.", "AssertionError: The return value must be of type bool.", "AssertionError: The return value must be of type bool.", "AssertionError: The return value must be of type bool.", "AssertionError: The return value must be of type bool.", "AssertionError: The return value must be of type bool.", "AssertionError: The return value must be of type bool.", "AssertionError: The return value must be of type bool.", "AssertionError: The return value must be of type bool.", "AssertionError: The return value must be of type bool.", "AssertionError: The return value must be of type bool.", "AssertionError: The return value must be of type bool.", "AssertionError: The return value must be of type bool.", "AssertionError: The return value must be of type bool.", "AssertionError: The return value must be of type bool.", "AssertionError: The return value must be of type bool.", "AssertionError: The return value must be of type bool.", "AssertionError: The return value must be of type bool.", "AssertionError: The return value must be of type bool.", "AssertionError: The return value must be of type bool.", "AssertionError: The return value must be of type bool.", "AssertionError: The return value must be of type bool.", "AssertionError: The return value must be of type bool.", "AssertionError: The return value must be of type bool.", "AssertionError: The return value must be of type bool.", "AssertionError: The return value must be of type bool.", "AssertionError: The return value must be of type bool.", "AssertionError: The return value must be of type bool.", "AssertionError: The return value must be of type bool.", "AssertionError: The return value must be of type bool.", "AssertionError: The return value must be of type bool.", "AssertionError: The return value must be of type bool.", "AssertionError: The return value must be of type bool.", "AssertionError: The return value must be of type bool.", "AssertionError: The return value must be of type bool.", "AssertionError: The return value must be of type bool.", "AssertionError: The return value must be of type bool.", "AssertionError: The return value must be of type bool.", "AssertionError: The return value must be of type bool.", "AssertionError: The return value must be of type bool.", "AssertionError: The return value must be of type bool.", "AssertionError: The return value must be of type bool.", "AssertionError: The return value must be of type bool.", "AssertionError: The return value must be of type bool.", "AssertionError: The return value must be of type bool.", "AssertionError: The return value must be of type bool.", "AssertionError: The return value must be of type bool.", "AssertionError: The return value must be of type bool.", "AssertionError: The return value must be of type bool.", "AssertionError: The return value must be of type bool.", "AssertionError: The return value must be of type bool.", "AssertionError: The return value must be of type bool.", "AssertionError: The return value must be of type bool.", "AssertionError: The return value must be of type bool.", "AssertionError: The return value must be of type bool.", "AssertionError: The return value must be of type bool.", "AssertionError: The return value must be of type bool.", "AssertionError: The return value must be of type bool.", "AssertionError: The return value must be of type bool.", "AssertionError: The return value must be of type bool.", "AssertionError: The return value must be of type bool.", "AssertionError: The return value must be of type bool.", "AssertionError: The return value must be of type bool.", "AssertionError: The return value must be of type bool.", "AssertionError: The return value must be of type bool.", "AssertionError: The return value must be of type bool.", "AssertionError: The return value must be of type bool.", "AssertionError: The return value must be of type bool.", "AssertionError: The return value must be of type bool.", "AssertionError: The return value must be of type bool.", "AssertionError: The return value must be of type bool."]], ["killed at least one mutant", [1, 1, 1, 1, 1, 1, 1, 1, 1, 1, 1], ["AssertionError: The return value must be of type bool.", "AssertionError: The return value must be of type bool.", "AssertionError: The return value must be of type bool.", "AssertionError: The return value must be of type bool.", "AssertionError: The return value must be of type bool.", "AssertionError: The return value must be of type bool.", "AssertionError: The return value must be of type bool.", "AssertionError: The return value must be of type bool.", "AssertionError: The return value must be of type bool.", "AssertionError: The return value must be of type bool.", "AssertionError: The return value must be of type bool."]]]}}