{"HumanEval/124": {"nbuggyPrograms": 24, "buggy_code_response_num": [0, 1, 3, 22, 37, 44, 59, 61, 82, 94, 98, 103, 111, 124, 147, 209, 217, 218, 224, 234, 241, 263, 280, 295], "post_condition_response_num": [7, 7, 7, 7, 7, 7, 7, 7, 7, 7, 7, 7, 7, 7, 7, 7, 7, 7, 7, 7, 7, 7, 7, 7], "num_tests_run": 216, "num_tests_killed": 31, "test_results": [["did not kill any mutants", [0, 0, 0, 0, 0], [null, null, null, null, null]], ["did not kill any mutants", [0, 0, 0, 0, 0, 0, 0, 0, 0], [null, null, null, null, null, null, null, null, null]], ["did not kill any mutants", [0, 0, 0], [null, null, null]], ["did not kill any mutants", [0], [null]], ["killed at least one mutant", [1, 1, 1, 1, 1, 1, 1, 1, 1, 1, 1, 1], ["AssertionError", "AssertionError", "AssertionError", "AssertionError", "AssertionError", "AssertionError", "AssertionError", "AssertionError", "AssertionError", "AssertionError", "AssertionError", "AssertionError"]], ["did not kill any mutants", [0, 0], [null, null]], ["did not kill any mutants", [0, 0, 0, 0, 0], [null, null, null, null, null]], ["did not kill any mutants", [0, 0, 0, 0, 0, 0, 0, 0, 0, 0, 0, 0, 0, 0, 0, 0], [null, null, null, null, null, null, null, null, null, null, null, null, null, null, null, null]], ["did not kill any mutants", [0, 0, 0, 0, 0, 0, 0, 0, 0, 0, 0, 0, 0, 0, 0, 0, 0, 0, 0, 0, 0, 0, 0, 0, 0, 0, 0, 0, 0, 0, 0, 0, 0, 0, 0, 0, 0, 0, 0, 0, 0, 0, 0, 0, 0, 0, 0, 0, 0], [null, null, null, null, null, null, null, null, null, null, null, null, null, null, null, null, null, null, null, null, null, null, null, null, null, null, null, null, null, null, null, null, null, null, null, null, null, null, null, null, null, null, null, null, null, null, null, null, null]], ["did not kill any mutants", [0, 0], [null, null]], ["did not kill any mutants", [0, 0, 0], [null, null, null]], ["did not kill any mutants", [0, 0, 0, 0, 0, 0, 0, 0, 0, 0, 0, 0, 0, 0, 0, 0, 0, 0, 0, 0, 0, 0, 0, 0, 0, 0, 0, 0, 0, 0, 0, 0, 0, 0, 0, 0, 0, 0, 0, 0, 0, 0, 0], [null, null, null, null, null, null, null, null, null, null, null, null, null, null, null, null, null, null, null, null, null, null, null, null, null, null, null, null, null, null, null, null, null, null, null, null, null, null, null, null, null, null, null]], ["did not kill any mutants", [0, 0, 0, 0, 0, 0, 0, 0, 0, 0, 0, 0, 0, 0, 0, 0], [null, null, null, null, null, null, null, null, null, null, null, null, null, null, null, null]], ["did not kill any mutants", [0, 0, 0, 0, 0, 0, 0], [null, null, null, null, null, null, null]], ["killed at least one mutant", [1, 1], ["ValueError: invalid literal for int() with base 10: '0-'", "ValueError: invalid literal for int() with base 10: '0-'"]], ["did not kill any mutants", [0, 0, 0], [null, null, null]], ["did not kill any mutants", [0, 0, 0, 0], [null, null, null, null]], ["did not kill any mutants", [0, 0, 0, 0], [null, null, null, null]], ["did not kill any mutants", [0], [null]], ["killed at least one mutant", [1, 1, 1, 1, 1, 1, 1, 1, 1, 1, 1, 1, 1, 1, 1, 1, 1], ["AssertionError", "AssertionError", "AssertionError", "AssertionError", "AssertionError", "AssertionError", "AssertionError", "AssertionError", "AssertionError", "AssertionError", "AssertionError", "AssertionError", "AssertionError", "AssertionError", "AssertionError", "AssertionError", "AssertionError"]], ["did not kill any mutants", [0, 0, 0, 0], [null, null, null, null]], ["did not kill any mutants", [0, 0, 0, 0], [null, null, null, null]], ["did not kill any mutants", [0, 0], [null, null]], ["did not kill any mutants", [0, 0], [null, null]]]}}