{"HumanEval/15": {"nbuggyPrograms": 26, "buggy_code_response_num": [200, 201, 202, 205, 208, 210, 211, 212, 213, 215, 218, 221, 223, 228, 229, 237, 239, 240, 241, 244, 250, 252, 259, 273, 282, 297], "post_condition_response_num": [2, 2, 2, 2, 2, 2, 2, 2, 2, 2, 2, 2, 2, 2, 2, 2, 2, 2, 2, 2, 2, 2, 2, 2, 2, 2], "num_tests_run": 3280, "num_tests_killed": 1080, "test_results": [["killed at least one mutant", [1, 1, 1, 1, 1, 1, 1, 1, 1, 1, 1, 1, 1, 1, 1, 1, 1, 1, 1, 1, 1, 1, 1, 1, 1, 1, 1, 1, 1, 1, 1, 1, 1, 1, 1, 1, 1, 1, 1, 1, 1, 1, 1, 1, 1, 1, 1, 1, 1, 1, 1, 1, 1, 1, 1, 1, 1, 1, 1, 1, 1, 1, 1, 1, 1, 1, 1, 1, 1, 1, 1, 1, 1, 1, 1, 1, 1, 1, 1, 1, 1, 1, 1, 1, 1, 1, 1, 1, 1, 1, 1, 1, 1, 1, 1, 1, 1, 1, 1, 1, 1, 1, 1, 1, 1, 1, 1, 1, 1, 1, 1, 1, 1, 1, 1, 1, 1, 1, 1, 1, 1, 1, 1, 1, 1, 1, 1, 1, 1, 1, 1, 1, 1, 1, 1], ["AssertionError: All characters in the return value are digits", "AssertionError: All characters in the return value are digits", "AssertionError: All characters in the return value are digits", "AssertionError: All characters in the return value are digits", "AssertionError: All characters in the return value are digits", "AssertionError: All characters in the return value are digits", "AssertionError: All characters in the return value are digits", "AssertionError: All characters in the return value are digits", "AssertionError: All characters in the return value are digits", "AssertionError: All characters in the return value are digits", "AssertionError: All characters in the return value are digits", "AssertionError: All characters in the return value are digits", "AssertionError: All characters in the return value are digits", "AssertionError: All characters in the return value are digits", "AssertionError: All characters in the return value are digits", "AssertionError: All characters in the return value are digits", "AssertionError: All characters in the return value are digits", "AssertionError: All characters in the return value are digits", "AssertionError: All characters in the return value are digits", "AssertionError: All characters in the return value are digits", "AssertionError: All characters in the return value are digits", "AssertionError: All characters in the return value are digits", "AssertionError: All characters in the return value are digits", "AssertionError: All characters in the return value are digits", "AssertionError: All characters in the return value are digits", "AssertionError: All characters in the return value are digits", "AssertionError: All characters in the return value are digits", "AssertionError: All characters in the return value are digits", "AssertionError: All characters in the return value are digits", "AssertionError: All characters in the return value are digits", "AssertionError: All characters in the return value are digits", "AssertionError: All characters in the return value are digits", "AssertionError: All characters in the return value are digits", "AssertionError: All characters in the return value are digits", "AssertionError: All characters in the return value are digits", "AssertionError: All characters in the return value are digits", "AssertionError: All characters in the return value are digits", "AssertionError: All characters in the return value are digits", "AssertionError: All characters in the return value are digits", "AssertionError: All characters in the return value are digits", "AssertionError: All characters in the return value are digits", "AssertionError: All characters in the return value are digits", "AssertionError: All characters in the return value are digits", "AssertionError: All characters in the return value are digits", "AssertionError: All characters in the return value are digits", "AssertionError: All characters in the return value are digits", "AssertionError: All characters in the return value are digits", "AssertionError: All characters in the return value are digits", "AssertionError: All characters in the return value are digits", "AssertionError: All characters in the return value are digits", "AssertionError: All characters in the return value are digits", "AssertionError: All characters in the return value are digits", "AssertionError: All characters in the return value are digits", "AssertionError: All characters in the return value are digits", "AssertionError: All characters in the return value are digits", "AssertionError: All characters in the return value are digits", "AssertionError: All characters in the return value are digits", "AssertionError: All characters in the return value are digits", "AssertionError: All characters in the return value are digits", "AssertionError: All characters in the return value are digits", "AssertionError: All characters in the return value are digits", "AssertionError: All characters in the return value are digits", "AssertionError: All characters in the return value are digits", "AssertionError: All characters in the return value are digits", "AssertionError: All characters in the return value are digits", "AssertionError: All characters in the return value are digits", "AssertionError: All characters in the return value are digits", "AssertionError: All characters in the return value are digits", "AssertionError: All characters in the return value are digits", "AssertionError: All characters in the return value are digits", "AssertionError: All characters in the return value are digits", "AssertionError: All characters in the return value are digits", "AssertionError: All characters in the return value are digits", "AssertionError: All characters in the return value are digits", "AssertionError: All characters in the return value are digits", "AssertionError: All characters in the return value are digits", "AssertionError: All characters in the return value are digits", "AssertionError: All characters in the return value are digits", "AssertionError: All characters in the return value are digits", "AssertionError: All characters in the return value are digits", "AssertionError: All characters in the return value are digits", "AssertionError: All characters in the return value are digits", "AssertionError: All characters in the return value are digits", "AssertionError: All characters in the return value are digits", "AssertionError: All characters in the return value are digits", "AssertionError: All characters in the return value are digits", "AssertionError: All characters in the return value are digits", "AssertionError: All characters in the return value are digits", "AssertionError: All characters in the return value are digits", "AssertionError: All characters in the return value are digits", "AssertionError: All characters in the return value are digits", "AssertionError: All characters in the return value are digits", "AssertionError: All characters in the return value are digits", "AssertionError: All characters in the return value are digits", "AssertionError: All characters in the return value are digits", "AssertionError: All characters in the return value are digits", "AssertionError: All characters in the return value are digits", "AssertionError: All characters in the return value are digits", "AssertionError: All characters in the return value are digits", "AssertionError: All characters in the return value are digits", "AssertionError: All characters in the return value are digits", "AssertionError: All characters in the return value are digits", "AssertionError: All characters in the return value are digits", "AssertionError: All characters in the return value are digits", "AssertionError: All characters in the return value are digits", "AssertionError: All characters in the return value are digits", "AssertionError: All characters in the return value are digits", "AssertionError: All characters in the return value are digits", "AssertionError: All characters in the return value are digits", "AssertionError: All characters in the return value are digits", "AssertionError: All characters in the return value are digits", "AssertionError: All characters in the return value are digits", "AssertionError: All characters in the return value are digits", "AssertionError: All characters in the return value are digits", "AssertionError: All characters in the return value are digits", "AssertionError: All characters in the return value are digits", "AssertionError: All characters in the return value are digits", "AssertionError: All characters in the return value are digits", "AssertionError: All characters in the return value are digits", "AssertionError: All characters in the return value are digits", "AssertionError: All characters in the return value are digits", "AssertionError: All characters in the return value are digits", "AssertionError: All characters in the return value are digits", "AssertionError: All characters in the return value are digits", "AssertionError: All characters in the return value are digits", "AssertionError: All characters in the return value are digits", "AssertionError: All characters in the return value are digits", "AssertionError: All characters in the return value are digits", "AssertionError: All characters in the return value are digits", "AssertionError: All characters in the return value are digits", "AssertionError: All characters in the return value are digits", "AssertionError: All characters in the return value are digits", "AssertionError: All characters in the return value are digits", "AssertionError: All characters in the return value are digits", "AssertionError: All characters in the return value are digits"]], ["did not kill any mutants", [0, 0, 0, 0, 0, 0, 0, 0, 0, 0, 0, 0, 0, 0, 0, 0, 0, 0, 0, 0, 0, 0, 0, 0, 0, 0, 0, 0, 0, 0, 0, 0, 0, 0, 0, 0, 0, 0, 0, 0, 0, 0, 0, 0, 0, 0, 0, 0, 0, 0, 0, 0, 0, 0, 0, 0, 0, 0, 0, 0, 0, 0, 0, 0, 0, 0, 0, 0, 0, 0, 0, 0, 0, 0, 0, 0, 0, 0, 0, 0, 0, 0, 0, 0, 0, 0, 0, 0, 0, 0, 0, 0, 0, 0, 0, 0, 0, 0, 0, 0, 0, 0, 0, 0, 0, 0, 0, 0, 0, 0, 0, 0, 0, 0, 0, 0, 0, 0, 0, 0, 0, 0, 0, 0, 0, 0, 0, 0, 0, 0, 0, 0, 0, 0, 0], [null, null, null, null, null, null, null, null, null, null, null, null, null, null, null, null, null, null, null, null, null, null, null, null, null, null, null, null, null, null, null, null, null, null, null, null, null, null, null, null, null, null, null, null, null, null, null, null, null, null, null, null, null, null, null, null, null, null, null, null, null, null, null, null, null, null, null, null, null, null, null, null, null, null, null, null, null, null, null, null, null, null, null, null, null, null, null, null, null, null, null, null, null, null, null, null, null, null, null, null, null, null, null, null, null, null, null, null, null, null, null, null, null, null, null, null, null, null, null, null, null, null, null, null, null, null, null, null, null, null, null, null, null, null, null]], ["did not kill any mutants", [0, 0, 0, 0, 0, 0, 0, 0, 0, 0, 0, 0, 0, 0, 0, 0, 0, 0, 0, 0, 0, 0, 0, 0, 0, 0, 0, 0, 0, 0, 0, 0, 0, 0, 0, 0, 0, 0, 0, 0, 0, 0, 0, 0, 0, 0, 0, 0, 0, 0, 0, 0, 0, 0, 0, 0, 0, 0, 0, 0, 0, 0, 0, 0, 0, 0, 0, 0, 0, 0, 0, 0, 0, 0, 0, 0, 0, 0, 0, 0, 0, 0, 0, 0, 0, 0, 0, 0, 0, 0, 0, 0, 0, 0, 0, 0, 0, 0, 0, 0, 0, 0, 0, 0, 0, 0, 0, 0, 0, 0, 0, 0, 0, 0, 0, 0, 0, 0, 0, 0, 0, 0, 0, 0, 0, 0, 0, 0, 0, 0, 0, 0, 0, 0, 0], [null, null, null, null, null, null, null, null, null, null, null, null, null, null, null, null, null, null, null, null, null, null, null, null, null, null, null, null, null, null, null, null, null, null, null, null, null, null, null, null, null, null, null, null, null, null, null, null, null, null, null, null, null, null, null, null, null, null, null, null, null, null, null, null, null, null, null, null, null, null, null, null, null, null, null, null, null, null, null, null, null, null, null, null, null, null, null, null, null, null, null, null, null, null, null, null, null, null, null, null, null, null, null, null, null, null, null, null, null, null, null, null, null, null, null, null, null, null, null, null, null, null, null, null, null, null, null, null, null, null, null, null, null, null, null]], ["killed at least one mutant", [1, 1, 1, 1, 1, 1, 1, 1, 1, 1, 1, 1, 1, 1, 1, 1, 1, 1, 1, 1, 1, 1, 1, 1, 1, 1, 1, 1, 1, 1, 1, 1, 1, 1, 1, 1, 1, 1, 1, 1, 1, 1, 1, 1, 1, 1, 1, 1, 1, 1, 1, 1, 1, 1, 1, 1, 1, 1, 1, 1, 1, 1, 1, 1, 1, 1, 1, 1, 1, 1, 1, 1, 1, 1, 1, 1, 1, 1, 1, 1, 1, 1, 1, 1, 1, 1, 1, 1, 1, 1, 1, 1, 1, 1, 1, 1, 1, 1, 1, 1, 1, 1, 1, 1, 1, 1, 1, 1, 1, 1, 1, 1, 1, 1, 1, 1, 1, 1, 1, 1, 1, 1, 1, 1, 1, 1, 1, 1, 1, 1, 1, 1, 1, 1, 1], ["AttributeError: 'list' object has no attribute 'split'", "AttributeError: 'list' object has no attribute 'split'", "AttributeError: 'list' object has no attribute 'split'", "AttributeError: 'list' object has no attribute 'split'", "AttributeError: 'list' object has no attribute 'split'", "AttributeError: 'list' object has no attribute 'split'", "AttributeError: 'list' object has no attribute 'split'", "AttributeError: 'list' object has no attribute 'split'", "AttributeError: 'list' object has no attribute 'split'", "AttributeError: 'list' object has no attribute 'split'", "AttributeError: 'list' object has no attribute 'split'", "AttributeError: 'list' object has no attribute 'split'", "AttributeError: 'list' object has no attribute 'split'", "AttributeError: 'list' object has no attribute 'split'", "AttributeError: 'list' object has no attribute 'split'", "AttributeError: 'list' object has no attribute 'split'", "AttributeError: 'list' object has no attribute 'split'", "AttributeError: 'list' object has no attribute 'split'", "AttributeError: 'list' object has no attribute 'split'", "AttributeError: 'list' object has no attribute 'split'", "AttributeError: 'list' object has no attribute 'split'", "AttributeError: 'list' object has no attribute 'split'", "AttributeError: 'list' object has no attribute 'split'", "AttributeError: 'list' object has no attribute 'split'", "AttributeError: 'list' object has no attribute 'split'", "AttributeError: 'list' object has no attribute 'split'", "AttributeError: 'list' object has no attribute 'split'", "AttributeError: 'list' object has no attribute 'split'", "AttributeError: 'list' object has no attribute 'split'", "AttributeError: 'list' object has no attribute 'split'", "AttributeError: 'list' object has no attribute 'split'", "AttributeError: 'list' object has no attribute 'split'", "AttributeError: 'list' object has no attribute 'split'", "AttributeError: 'list' object has no attribute 'split'", "AttributeError: 'list' object has no attribute 'split'", "AttributeError: 'list' object has no attribute 'split'", "AttributeError: 'list' object has no attribute 'split'", "AttributeError: 'list' object has no attribute 'split'", "AttributeError: 'list' object has no attribute 'split'", "AttributeError: 'list' object has no attribute 'split'", "AttributeError: 'list' object has no attribute 'split'", "AttributeError: 'list' object has no attribute 'split'", "AttributeError: 'list' object has no attribute 'split'", "AttributeError: 'list' object has no attribute 'split'", "AttributeError: 'list' object has no attribute 'split'", "AttributeError: 'list' object has no attribute 'split'", "AttributeError: 'list' object has no attribute 'split'", "AttributeError: 'list' object has no attribute 'split'", "AttributeError: 'list' object has no attribute 'split'", "AttributeError: 'list' object has no attribute 'split'", "AttributeError: 'list' object has no attribute 'split'", "AttributeError: 'list' object has no attribute 'split'", "AttributeError: 'list' object has no attribute 'split'", "AttributeError: 'list' object has no attribute 'split'", "AttributeError: 'list' object has no attribute 'split'", "AttributeError: 'list' object has no attribute 'split'", "AttributeError: 'list' object has no attribute 'split'", "AttributeError: 'list' object has no attribute 'split'", "AttributeError: 'list' object has no attribute 'split'", "AttributeError: 'list' object has no attribute 'split'", "AttributeError: 'list' object has no attribute 'split'", "AttributeError: 'list' object has no attribute 'split'", "AttributeError: 'list' object has no attribute 'split'", "AttributeError: 'list' object has no attribute 'split'", "AttributeError: 'list' object has no attribute 'split'", "AttributeError: 'list' object has no attribute 'split'", "AttributeError: 'list' object has no attribute 'split'", "AttributeError: 'list' object has no attribute 'split'", "AttributeError: 'list' object has no attribute 'split'", "AttributeError: 'list' object has no attribute 'split'", "AttributeError: 'list' object has no attribute 'split'", "AttributeError: 'list' object has no attribute 'split'", "AttributeError: 'list' object has no attribute 'split'", "AttributeError: 'list' object has no attribute 'split'", "AttributeError: 'list' object has no attribute 'split'", "AttributeError: 'list' object has no attribute 'split'", "AttributeError: 'list' object has no attribute 'split'", "AttributeError: 'list' object has no attribute 'split'", "AttributeError: 'list' object has no attribute 'split'", "AttributeError: 'list' object has no attribute 'split'", "AttributeError: 'list' object has no attribute 'split'", "AttributeError: 'list' object has no attribute 'split'", "AttributeError: 'list' object has no attribute 'split'", "AttributeError: 'list' object has no attribute 'split'", "AttributeError: 'list' object has no attribute 'split'", "AttributeError: 'list' object has no attribute 'split'", "AttributeError: 'list' object has no attribute 'split'", "AttributeError: 'list' object has no attribute 'split'", "AttributeError: 'list' object has no attribute 'split'", "AttributeError: 'list' object has no attribute 'split'", "AttributeError: 'list' object has no attribute 'split'", "AttributeError: 'list' object has no attribute 'split'", "AttributeError: 'list' object has no attribute 'split'", "AttributeError: 'list' object has no attribute 'split'", "AttributeError: 'list' object has no attribute 'split'", "AttributeError: 'list' object has no attribute 'split'", "AttributeError: 'list' object has no attribute 'split'", "AttributeError: 'list' object has no attribute 'split'", "AttributeError: 'list' object has no attribute 'split'", "AttributeError: 'list' object has no attribute 'split'", "AttributeError: 'list' object has no attribute 'split'", "AttributeError: 'list' object has no attribute 'split'", "AttributeError: 'list' object has no attribute 'split'", "AttributeError: 'list' object has no attribute 'split'", "AttributeError: 'list' object has no attribute 'split'", "AttributeError: 'list' object has no attribute 'split'", "AttributeError: 'list' object has no attribute 'split'", "AttributeError: 'list' object has no attribute 'split'", "AttributeError: 'list' object has no attribute 'split'", "AttributeError: 'list' object has no attribute 'split'", "AttributeError: 'list' object has no attribute 'split'", "AttributeError: 'list' object has no attribute 'split'", "AttributeError: 'list' object has no attribute 'split'", "AttributeError: 'list' object has no attribute 'split'", "AttributeError: 'list' object has no attribute 'split'", "AttributeError: 'list' object has no attribute 'split'", "AttributeError: 'list' object has no attribute 'split'", "AttributeError: 'list' object has no attribute 'split'", "AttributeError: 'list' object has no attribute 'split'", "AttributeError: 'list' object has no attribute 'split'", "AttributeError: 'list' object has no attribute 'split'", "AttributeError: 'list' object has no attribute 'split'", "AttributeError: 'list' object has no attribute 'split'", "AttributeError: 'list' object has no attribute 'split'", "AttributeError: 'list' object has no attribute 'split'", "AttributeError: 'list' object has no attribute 'split'", "AttributeError: 'list' object has no attribute 'split'", "AttributeError: 'list' object has no attribute 'split'", "AttributeError: 'list' object has no attribute 'split'", "AttributeError: 'list' object has no attribute 'split'", "AttributeError: 'list' object has no attribute 'split'", "AttributeError: 'list' object has no attribute 'split'", "AttributeError: 'list' object has no attribute 'split'", "AttributeError: 'list' object has no attribute 'split'", "AttributeError: 'list' object has no attribute 'split'"]], ["did not kill any mutants", [0, 0, 0, 0, 0, 0, 0, 0, 0, 0, 0, 0, 0, 0, 0, 0, 0, 0, 0, 0, 0, 0, 0, 0, 0, 0, 0, 0, 0, 0, 0, 0, 0, 0, 0, 0, 0, 0, 0, 0, 0, 0, 0, 0, 0, 0, 0, 0, 0, 0, 0, 0, 0, 0, 0, 0, 0, 0, 0, 0, 0, 0, 0, 0, 0, 0, 0, 0, 0, 0, 0, 0, 0, 0, 0, 0, 0, 0, 0, 0, 0, 0, 0, 0, 0, 0, 0, 0, 0, 0, 0, 0, 0, 0, 0, 0, 0, 0, 0, 0, 0, 0, 0, 0, 0, 0, 0, 0, 0, 0, 0, 0, 0, 0], [null, null, null, null, null, null, null, null, null, null, null, null, "!!Timed out!!", "!!Timed out!!", null, "!!Timed out!!", null, "!!Timed out!!", null, null, null, null, null, null, null, null, null, null, null, null, null, null, null, null, null, null, null, null, null, null, "!!Timed out!!", null, null, null, null, null, null, null, "!!Timed out!!", null, null, null, null, "!!Timed out!!", null, null, null, null, null, null, null, null, null, null, null, null, null, null, null, null, null, null, null, null, null, null, null, null, null, "!!Timed out!!", null, null, null, null, null, null, null, null, null, null, null, null, null, null, null, null, null, null, null, null, null, null, null, null, null, null, null, null, null, null, null, null, null, null]], ["did not kill any mutants", [0, 0, 0, 0, 0, 0, 0, 0, 0, 0, 0, 0, 0, 0, 0, 0, 0, 0, 0, 0, 0, 0, 0, 0, 0, 0, 0, 0, 0, 0, 0, 0, 0, 0, 0, 0, 0, 0, 0, 0, 0, 0, 0, 0, 0, 0, 0, 0, 0, 0, 0, 0, 0, 0, 0, 0, 0, 0, 0, 0, 0, 0, 0, 0, 0, 0, 0, 0, 0, 0, 0, 0, 0, 0, 0, 0, 0, 0, 0, 0, 0, 0, 0, 0, 0, 0, 0, 0, 0, 0, 0, 0, 0, 0, 0, 0, 0, 0, 0, 0, 0, 0, 0, 0, 0, 0, 0, 0, 0, 0, 0, 0, 0, 0, 0, 0, 0, 0, 0, 0, 0, 0, 0, 0, 0, 0, 0, 0, 0, 0, 0, 0, 0, 0, 0], [null, null, null, null, null, null, null, null, null, null, null, null, null, null, null, null, null, null, null, null, null, null, null, null, null, null, null, null, null, null, null, null, null, null, null, null, null, null, null, null, null, null, null, null, null, null, null, null, null, null, null, null, null, null, null, null, null, null, null, null, null, null, null, null, null, null, null, null, null, null, null, null, null, null, null, null, null, null, null, null, null, null, null, null, null, null, null, null, null, null, null, null, null, null, null, null, null, null, null, null, null, null, null, null, null, null, null, null, null, null, null, null, null, null, null, null, null, null, null, null, null, null, null, null, null, null, null, null, null, null, null, null, null, null, null]], ["did not kill any mutants", [0, 0, 0, 0, 0, 0, 0, 0, 0, 0, 0, 0, 0, 0, 0, 0, 0, 0, 0, 0, 0, 0, 0, 0, 0, 0, 0, 0, 0, 0, 0, 0, 0, 0, 0, 0, 0, 0, 0, 0, 0, 0, 0, 0, 0, 0, 0, 0, 0, 0, 0, 0, 0, 0, 0, 0, 0, 0, 0, 0, 0, 0, 0, 0, 0, 0, 0, 0, 0, 0, 0, 0, 0, 0, 0, 0, 0, 0, 0, 0, 0, 0, 0, 0, 0, 0, 0, 0, 0, 0, 0, 0, 0, 0, 0, 0, 0, 0, 0, 0, 0, 0, 0, 0, 0, 0, 0, 0, 0, 0, 0, 0, 0, 0, 0, 0, 0, 0, 0, 0, 0, 0, 0, 0, 0, 0, 0, 0, 0, 0, 0, 0, 0, 0], [null, null, null, null, null, null, null, null, null, null, null, null, null, null, null, null, null, null, null, null, null, null, null, null, null, null, null, null, null, null, null, null, null, null, null, null, null, null, null, null, null, null, null, null, null, null, null, null, null, null, null, null, null, null, null, null, null, null, null, null, null, null, null, null, null, null, null, null, null, null, null, null, null, null, null, null, null, null, null, null, null, null, null, null, null, null, null, null, null, null, null, null, null, null, null, null, null, null, null, null, null, null, null, null, null, null, null, null, null, null, null, null, null, null, null, null, null, null, null, null, null, null, null, null, null, null, null, null, null, null, null, null, null, null]], ["killed at least one mutant", [1, 1, 1, 1, 1, 1, 1, 1, 1, 1, 1, 1, 1, 1, 1, 1, 1, 1, 1, 1, 1, 1, 1, 1, 1, 1, 1, 1, 1, 1, 1, 1, 1, 1, 1, 1, 1, 1, 1, 1, 1, 1, 1, 1, 1, 1, 1, 1, 1, 1, 1, 1, 1, 1, 1, 1, 1, 1, 1, 1, 1, 1, 1, 1, 1, 1, 1, 1, 1, 1, 1, 1, 1, 1, 1, 1, 1, 1, 1, 1, 1, 1, 1, 1, 1, 1, 1, 1, 1, 1, 1, 1, 1, 1, 1, 1, 1, 1, 1, 1, 1, 1, 1, 1, 1, 1, 1, 1, 1, 1, 1, 1, 1, 1, 1, 1, 1, 1, 1, 1, 1, 1, 1, 1, 1, 1, 1, 1, 1, 1, 1, 1, 1, 1, 1], ["AssertionError: All characters in the return value are digits", "AssertionError: All characters in the return value are digits", "AssertionError: All characters in the return value are digits", "AssertionError: All characters in the return value are digits", "AssertionError: All characters in the return value are digits", "AssertionError: All characters in the return value are digits", "AssertionError: All characters in the return value are digits", "AssertionError: All characters in the return value are digits", "AssertionError: All characters in the return value are digits", "AssertionError: All characters in the return value are digits", "AssertionError: All characters in the return value are digits", "AssertionError: All characters in the return value are digits", "AssertionError: All characters in the return value are digits", "AssertionError: All characters in the return value are digits", "AssertionError: All characters in the return value are digits", "AssertionError: All characters in the return value are digits", "AssertionError: All characters in the return value are digits", "AssertionError: All characters in the return value are digits", "AssertionError: All characters in the return value are digits", "AssertionError: All characters in the return value are digits", "AssertionError: All characters in the return value are digits", "AssertionError: All characters in the return value are digits", "AssertionError: All characters in the return value are digits", "AssertionError: All characters in the return value are digits", "AssertionError: All characters in the return value are digits", "AssertionError: All characters in the return value are digits", "AssertionError: All characters in the return value are digits", "AssertionError: All characters in the return value are digits", "AssertionError: All characters in the return value are digits", "AssertionError: All characters in the return value are digits", "AssertionError: All characters in the return value are digits", "AssertionError: All characters in the return value are digits", "AssertionError: All characters in the return value are digits", "AssertionError: All characters in the return value are digits", "AssertionError: All characters in the return value are digits", "AssertionError: All characters in the return value are digits", "AssertionError: All characters in the return value are digits", "AssertionError: All characters in the return value are digits", "AssertionError: All characters in the return value are digits", "AssertionError: All characters in the return value are digits", "AssertionError: All characters in the return value are digits", "AssertionError: All characters in the return value are digits", "AssertionError: All characters in the return value are digits", "AssertionError: All characters in the return value are digits", "AssertionError: All characters in the return value are digits", "AssertionError: All characters in the return value are digits", "AssertionError: All characters in the return value are digits", "AssertionError: All characters in the return value are digits", "AssertionError: All characters in the return value are digits", "AssertionError: All characters in the return value are digits", "AssertionError: All characters in the return value are digits", "AssertionError: All characters in the return value are digits", "AssertionError: All characters in the return value are digits", "AssertionError: All characters in the return value are digits", "AssertionError: All characters in the return value are digits", "AssertionError: All characters in the return value are digits", "AssertionError: All characters in the return value are digits", "AssertionError: All characters in the return value are digits", "AssertionError: All characters in the return value are digits", "AssertionError: All characters in the return value are digits", "AssertionError: All characters in the return value are digits", "AssertionError: All characters in the return value are digits", "AssertionError: All characters in the return value are digits", "AssertionError: All characters in the return value are digits", "AssertionError: All characters in the return value are digits", "AssertionError: All characters in the return value are digits", "AssertionError: All characters in the return value are digits", "AssertionError: All characters in the return value are digits", "AssertionError: All characters in the return value are digits", "AssertionError: All characters in the return value are digits", "AssertionError: All characters in the return value are digits", "AssertionError: All characters in the return value are digits", "AssertionError: All characters in the return value are digits", "AssertionError: All characters in the return value are digits", "AssertionError: All characters in the return value are digits", "AssertionError: All characters in the return value are digits", "AssertionError: All characters in the return value are digits", "AssertionError: All characters in the return value are digits", "AssertionError: All characters in the return value are digits", "AssertionError: All characters in the return value are digits", "AssertionError: All characters in the return value are digits", "AssertionError: All characters in the return value are digits", "AssertionError: All characters in the return value are digits", "AssertionError: All characters in the return value are digits", "AssertionError: All characters in the return value are digits", "AssertionError: All characters in the return value are digits", "AssertionError: All characters in the return value are digits", "AssertionError: All characters in the return value are digits", "AssertionError: All characters in the return value are digits", "AssertionError: All characters in the return value are digits", "AssertionError: All characters in the return value are digits", "AssertionError: All characters in the return value are digits", "AssertionError: All characters in the return value are digits", "AssertionError: All characters in the return value are digits", "AssertionError: All characters in the return value are digits", "AssertionError: All characters in the return value are digits", "AssertionError: All characters in the return value are digits", "AssertionError: All characters in the return value are digits", "AssertionError: All characters in the return value are digits", "AssertionError: All characters in the return value are digits", "AssertionError: All characters in the return value are digits", "AssertionError: All characters in the return value are digits", "AssertionError: All characters in the return value are digits", "AssertionError: All characters in the return value are digits", "AssertionError: All characters in the return value are digits", "AssertionError: All characters in the return value are digits", "AssertionError: All characters in the return value are digits", "AssertionError: All characters in the return value are digits", "AssertionError: All characters in the return value are digits", "AssertionError: All characters in the return value are digits", "AssertionError: All characters in the return value are digits", "AssertionError: All characters in the return value are digits", "AssertionError: All characters in the return value are digits", "AssertionError: All characters in the return value are digits", "AssertionError: All characters in the return value are digits", "AssertionError: All characters in the return value are digits", "AssertionError: All characters in the return value are digits", "AssertionError: All characters in the return value are digits", "AssertionError: All characters in the return value are digits", "AssertionError: All characters in the return value are digits", "AssertionError: All characters in the return value are digits", "AssertionError: All characters in the return value are digits", "AssertionError: All characters in the return value are digits", "AssertionError: All characters in the return value are digits", "AssertionError: All characters in the return value are digits", "AssertionError: All characters in the return value are digits", "AssertionError: All characters in the return value are digits", "AssertionError: All characters in the return value are digits", "AssertionError: All characters in the return value are digits", "AssertionError: All characters in the return value are digits", "AssertionError: All characters in the return value are digits", "AssertionError: All characters in the return value are digits", "AssertionError: All characters in the return value are digits", "AssertionError: All characters in the return value are digits", "AssertionError: All characters in the return value are digits"]], ["did not kill any mutants", [0, 0, 0, 0, 0, 0, 0, 0, 0, 0, 0, 0, 0, 0, 0, 0, 0, 0, 0, 0, 0], [null, null, null, null, null, null, null, null, null, null, null, null, null, null, null, null, null, null, null, null, null]], ["did not kill any mutants", [0, 0, 0, 0, 0, 0, 0, 0, 0, 0, 0, 0, 0, 0, 0, 0, 0, 0, 0, 0, 0, 0, 0, 0, 0, 0, 0, 0, 0, 0, 0, 0, 0, 0, 0, 0, 0, 0, 0, 0, 0, 0, 0, 0, 0, 0, 0, 0, 0, 0, 0, 0, 0, 0, 0, 0, 0, 0, 0, 0, 0, 0, 0, 0, 0, 0, 0, 0, 0, 0, 0, 0, 0, 0, 0, 0, 0, 0, 0, 0, 0, 0, 0, 0, 0, 0, 0, 0, 0, 0, 0, 0, 0, 0, 0, 0, 0, 0, 0, 0, 0, 0, 0, 0, 0, 0, 0, 0, 0, 0, 0, 0, 0, 0, 0, 0, 0, 0, 0, 0, 0, 0, 0, 0, 0, 0, 0, 0, 0, 0, 0, 0, 0], [null, null, null, null, null, null, null, null, null, null, null, null, null, null, null, null, null, null, null, null, null, null, null, null, null, null, null, null, null, null, null, null, null, null, null, null, null, null, null, null, null, null, null, null, null, null, null, null, null, null, null, null, null, null, null, null, null, null, null, null, null, null, null, null, null, null, null, null, null, null, null, null, null, null, null, null, null, null, null, null, null, null, null, null, null, null, null, null, null, null, null, null, null, null, null, null, null, null, null, null, null, null, null, null, null, null, null, null, null, null, null, null, null, null, null, null, null, null, null, null, null, null, null, null, null, null, null, null, null, null, null, null, null]], ["did not kill any mutants", [0, 0, 0, 0, 0, 0, 0, 0, 0, 0, 0, 0, 0, 0, 0, 0, 0, 0, 0, 0, 0, 0, 0, 0, 0, 0, 0, 0, 0, 0, 0, 0, 0, 0, 0, 0, 0, 0, 0, 0, 0, 0, 0, 0, 0, 0, 0, 0, 0, 0, 0, 0, 0, 0, 0, 0, 0, 0, 0, 0, 0, 0, 0, 0, 0, 0, 0, 0, 0, 0, 0, 0, 0, 0, 0, 0, 0, 0, 0, 0, 0, 0, 0, 0, 0, 0, 0, 0, 0, 0, 0, 0, 0, 0, 0, 0, 0, 0, 0, 0, 0, 0, 0, 0, 0, 0, 0, 0, 0, 0, 0, 0, 0, 0, 0, 0, 0, 0, 0, 0, 0, 0, 0, 0, 0, 0, 0, 0, 0, 0, 0, 0, 0, 0], [null, null, null, null, null, null, null, null, null, null, null, null, null, null, null, null, null, null, null, null, null, null, null, null, null, null, null, null, null, null, null, null, null, null, null, null, null, null, null, null, null, null, null, null, null, null, null, null, null, null, null, null, null, null, null, null, null, null, null, null, null, null, null, null, null, null, null, null, null, null, null, null, null, null, null, null, null, null, null, null, null, null, null, null, null, null, null, null, null, null, null, null, null, null, null, null, null, null, null, null, null, null, null, null, null, null, null, null, null, null, null, null, null, null, null, null, null, null, null, null, null, null, null, null, null, null, null, null, null, null, null, null, null, null]], ["did not kill any mutants", [0, 0, 0, 0, 0, 0, 0, 0, 0, 0, 0, 0, 0, 0, 0, 0, 0, 0, 0, 0, 0, 0, 0, 0, 0, 0, 0, 0, 0, 0, 0, 0, 0, 0, 0, 0, 0, 0, 0, 0, 0, 0, 0, 0, 0, 0, 0, 0, 0, 0, 0, 0, 0, 0, 0, 0, 0, 0, 0, 0, 0, 0, 0, 0, 0, 0, 0, 0, 0, 0, 0, 0, 0, 0, 0, 0, 0, 0, 0, 0, 0, 0, 0, 0, 0, 0, 0, 0, 0, 0, 0, 0, 0, 0, 0, 0, 0, 0, 0, 0, 0, 0, 0, 0, 0, 0, 0, 0, 0, 0, 0, 0, 0, 0, 0, 0, 0, 0, 0, 0, 0, 0, 0, 0, 0, 0, 0, 0, 0, 0, 0, 0, 0, 0], [null, null, null, null, null, null, null, null, null, null, null, null, null, null, null, null, null, null, null, null, null, null, null, null, null, null, null, null, null, null, null, null, null, null, null, null, null, null, null, null, null, null, null, null, null, null, null, null, null, null, null, null, null, null, null, null, null, null, null, null, null, null, null, null, null, null, null, null, null, null, null, null, null, null, null, null, null, null, null, null, null, null, null, null, null, null, null, null, null, null, null, null, null, null, null, null, null, null, null, null, null, null, null, null, null, null, null, null, null, null, null, null, null, null, null, null, null, null, null, null, null, null, null, null, null, null, null, null, null, null, null, null, null, null]], ["killed at least one mutant", [1, 1, 1, 1, 1, 1, 1, 1, 1, 1, 1, 1, 1, 1, 1, 1, 1, 1, 1, 1, 1, 1, 1, 1, 1, 1, 1, 1, 1, 1, 1, 1, 1, 1, 1, 1, 1, 1, 1, 1, 1, 1, 1, 1, 1, 1, 1, 1, 1, 1, 1, 1, 1, 1, 1, 1, 1, 1, 1, 1, 1, 1, 1, 1, 1, 1, 1, 1, 1, 1, 1, 1, 1, 1, 1, 1, 1, 1, 1, 1, 1, 1, 1, 1, 1, 1, 1, 1, 1, 1, 1, 1, 1, 1, 1, 1, 1, 1, 1, 1, 1, 1, 1, 1, 1, 1, 1, 1, 1, 1, 1, 1, 1, 1, 1, 1, 1, 1, 1, 1, 1, 1, 1, 1, 1, 1, 1, 1, 1, 1, 1, 1, 1, 1], ["AssertionError: All characters in the return value are digits", "AssertionError: All characters in the return value are digits", "AssertionError: All characters in the return value are digits", "AssertionError: All characters in the return value are digits", "AssertionError: All characters in the return value are digits", "AssertionError: All characters in the return value are digits", "AssertionError: All characters in the return value are digits", "AssertionError: All characters in the return value are digits", "AssertionError: All characters in the return value are digits", "AssertionError: All characters in the return value are digits", "AssertionError: All characters in the return value are digits", "AssertionError: All characters in the return value are digits", "AssertionError: All characters in the return value are digits", "AssertionError: All characters in the return value are digits", "AssertionError: All characters in the return value are digits", "AssertionError: All characters in the return value are digits", "AssertionError: All characters in the return value are digits", "AssertionError: All characters in the return value are digits", "AssertionError: All characters in the return value are digits", "AssertionError: All characters in the return value are digits", "AssertionError: All characters in the return value are digits", "AssertionError: All characters in the return value are digits", "AssertionError: All characters in the return value are digits", "AssertionError: All characters in the return value are digits", "AssertionError: All characters in the return value are digits", "AssertionError: All characters in the return value are digits", "AssertionError: All characters in the return value are digits", "AssertionError: All characters in the return value are digits", "AssertionError: All characters in the return value are digits", "AssertionError: All characters in the return value are digits", "AssertionError: All characters in the return value are digits", "AssertionError: All characters in the return value are digits", "AssertionError: All characters in the return value are digits", "AssertionError: All characters in the return value are digits", "AssertionError: All characters in the return value are digits", "AssertionError: All characters in the return value are digits", "AssertionError: All characters in the return value are digits", "AssertionError: All characters in the return value are digits", "AssertionError: All characters in the return value are digits", "AssertionError: All characters in the return value are digits", "AssertionError: All characters in the return value are digits", "AssertionError: All characters in the return value are digits", "AssertionError: All characters in the return value are digits", "AssertionError: All characters in the return value are digits", "AssertionError: All characters in the return value are digits", "AssertionError: All characters in the return value are digits", "AssertionError: All characters in the return value are digits", "AssertionError: All characters in the return value are digits", "AssertionError: All characters in the return value are digits", "AssertionError: All characters in the return value are digits", "AssertionError: All characters in the return value are digits", "AssertionError: All characters in the return value are digits", "AssertionError: All characters in the return value are digits", "AssertionError: All characters in the return value are digits", "AssertionError: All characters in the return value are digits", "AssertionError: All characters in the return value are digits", "AssertionError: All characters in the return value are digits", "AssertionError: All characters in the return value are digits", "AssertionError: All characters in the return value are digits", "AssertionError: All characters in the return value are digits", "AssertionError: All characters in the return value are digits", "AssertionError: All characters in the return value are digits", "AssertionError: All characters in the return value are digits", "AssertionError: All characters in the return value are digits", "AssertionError: All characters in the return value are digits", "AssertionError: All characters in the return value are digits", "AssertionError: All characters in the return value are digits", "AssertionError: All characters in the return value are digits", "AssertionError: All characters in the return value are digits", "AssertionError: All characters in the return value are digits", "AssertionError: All characters in the return value are digits", "AssertionError: All characters in the return value are digits", "AssertionError: All characters in the return value are digits", "AssertionError: All characters in the return value are digits", "AssertionError: All characters in the return value are digits", "AssertionError: All characters in the return value are digits", "AssertionError: All characters in the return value are digits", "AssertionError: All characters in the return value are digits", "AssertionError: All characters in the return value are digits", "AssertionError: All characters in the return value are digits", "AssertionError: All characters in the return value are digits", "AssertionError: All characters in the return value are digits", "AssertionError: All characters in the return value are digits", "AssertionError: All characters in the return value are digits", "AssertionError: All characters in the return value are digits", "AssertionError: All characters in the return value are digits", "AssertionError: All characters in the return value are digits", "AssertionError: All characters in the return value are digits", "AssertionError: All characters in the return value are digits", "AssertionError: All characters in the return value are digits", "AssertionError: All characters in the return value are digits", "AssertionError: All characters in the return value are digits", "AssertionError: All characters in the return value are digits", "AssertionError: All characters in the return value are digits", "AssertionError: All characters in the return value are digits", "AssertionError: All characters in the return value are digits", "AssertionError: All characters in the return value are digits", "AssertionError: All characters in the return value are digits", "AssertionError: All characters in the return value are digits", "AssertionError: All characters in the return value are digits", "AssertionError: All characters in the return value are digits", "AssertionError: All characters in the return value are digits", "AssertionError: All characters in the return value are digits", "AssertionError: All characters in the return value are digits", "AssertionError: All characters in the return value are digits", "AssertionError: All characters in the return value are digits", "AssertionError: All characters in the return value are digits", "AssertionError: All characters in the return value are digits", "AssertionError: All characters in the return value are digits", "AssertionError: All characters in the return value are digits", "AssertionError: All characters in the return value are digits", "AssertionError: All characters in the return value are digits", "AssertionError: All characters in the return value are digits", "AssertionError: All characters in the return value are digits", "AssertionError: All characters in the return value are digits", "AssertionError: All characters in the return value are digits", "AssertionError: All characters in the return value are digits", "AssertionError: All characters in the return value are digits", "AssertionError: All characters in the return value are digits", "AssertionError: All characters in the return value are digits", "AssertionError: All characters in the return value are digits", "AssertionError: All characters in the return value are digits", "AssertionError: All characters in the return value are digits", "AssertionError: All characters in the return value are digits", "AssertionError: All characters in the return value are digits", "AssertionError: All characters in the return value are digits", "AssertionError: All characters in the return value are digits", "AssertionError: All characters in the return value are digits", "AssertionError: All characters in the return value are digits", "AssertionError: All characters in the return value are digits", "AssertionError: All characters in the return value are digits", "AssertionError: All characters in the return value are digits", "AssertionError: All characters in the return value are digits", "AssertionError: All characters in the return value are digits"]], ["did not kill any mutants", [0, 0, 0, 0, 0, 0, 0, 0, 0, 0, 0, 0, 0, 0, 0, 0, 0, 0, 0, 0, 0, 0, 0, 0, 0, 0, 0, 0, 0, 0, 0, 0, 0, 0, 0, 0, 0, 0, 0, 0, 0, 0, 0, 0, 0, 0, 0, 0, 0, 0, 0, 0, 0, 0, 0, 0, 0, 0, 0, 0, 0, 0, 0, 0, 0, 0, 0, 0, 0, 0, 0, 0, 0, 0, 0, 0, 0, 0, 0, 0, 0, 0, 0, 0, 0, 0, 0, 0, 0, 0, 0, 0, 0, 0, 0, 0, 0, 0, 0, 0, 0, 0, 0, 0, 0, 0, 0, 0, 0, 0, 0, 0, 0, 0, 0, 0, 0, 0, 0, 0, 0, 0, 0, 0, 0, 0, 0, 0, 0, 0, 0, 0, 0, 0], [null, null, null, null, null, null, null, null, null, null, null, null, null, null, null, null, null, null, null, null, null, null, null, null, null, null, null, null, null, null, null, null, null, null, null, null, null, null, null, null, null, null, null, null, null, null, null, null, null, null, null, null, null, null, null, null, null, null, null, null, null, null, null, null, null, null, null, null, null, null, null, null, null, null, null, null, null, null, null, null, null, null, null, null, null, null, null, null, null, null, null, null, null, null, null, null, null, null, null, null, null, null, null, null, null, null, null, null, null, null, null, null, null, null, null, null, null, null, null, null, null, null, null, null, null, null, null, null, null, null, null, null, null, null]], ["killed at least one mutant", [1, 1, 1, 1, 1, 1, 1, 1, 1, 1, 1, 1, 1, 1, 1, 1, 1, 1, 1, 1, 1, 1, 1, 1, 1, 1, 1, 1, 1, 1, 1, 1, 1, 1, 1, 1, 1, 1, 1, 1, 1, 1, 1, 1, 1, 1, 1, 1, 1, 1, 1, 1, 1, 1, 1, 1, 1, 1, 1, 1, 1, 1, 1, 1, 1, 1, 1, 1, 1, 1, 1, 1, 1, 1, 1, 1, 1, 1, 1, 1, 1, 1, 1, 1, 1, 1, 1, 1, 1, 1, 1, 1, 1, 1, 1, 1, 1, 1, 1, 1, 1, 1, 1, 1, 1, 1, 1, 1, 1, 1, 1, 1, 1, 1, 1, 1, 1, 1, 1, 1, 1, 1, 1, 1, 1, 1, 1, 1, 1, 1, 1, 1, 1, 1, 1, 1], ["AssertionError: All characters in the return value are digits", "AssertionError: All characters in the return value are digits", "AssertionError: All characters in the return value are digits", "AssertionError: All characters in the return value are digits", "AssertionError: All characters in the return value are digits", "AssertionError: All characters in the return value are digits", "AssertionError: All characters in the return value are digits", "AssertionError: All characters in the return value are digits", "AssertionError: All characters in the return value are digits", "AssertionError: All characters in the return value are digits", "AssertionError: All characters in the return value are digits", "AssertionError: All characters in the return value are digits", "AssertionError: All characters in the return value are digits", "AssertionError: All characters in the return value are digits", "AssertionError: All characters in the return value are digits", "AssertionError: All characters in the return value are digits", "AssertionError: All characters in the return value are digits", "AssertionError: All characters in the return value are digits", "AssertionError: All characters in the return value are digits", "AssertionError: All characters in the return value are digits", "AssertionError: All characters in the return value are digits", "AssertionError: All characters in the return value are digits", "AssertionError: All characters in the return value are digits", "AssertionError: All characters in the return value are digits", "AssertionError: All characters in the return value are digits", "AssertionError: All characters in the return value are digits", "AssertionError: All characters in the return value are digits", "AssertionError: All characters in the return value are digits", "AssertionError: All characters in the return value are digits", "AssertionError: All characters in the return value are digits", "AssertionError: All characters in the return value are digits", "AssertionError: All characters in the return value are digits", "AssertionError: All characters in the return value are digits", "AssertionError: All characters in the return value are digits", "AssertionError: All characters in the return value are digits", "AssertionError: All characters in the return value are digits", "AssertionError: All characters in the return value are digits", "AssertionError: All characters in the return value are digits", "AssertionError: All characters in the return value are digits", "AssertionError: All characters in the return value are digits", "AssertionError: All characters in the return value are digits", "AssertionError: All characters in the return value are digits", "AssertionError: All characters in the return value are digits", "AssertionError: All characters in the return value are digits", "AssertionError: All characters in the return value are digits", "AssertionError: All characters in the return value are digits", "AssertionError: All characters in the return value are digits", "AssertionError: All characters in the return value are digits", "AssertionError: All characters in the return value are digits", "AssertionError: All characters in the return value are digits", "AssertionError: All characters in the return value are digits", "AssertionError: All characters in the return value are digits", "AssertionError: All characters in the return value are digits", "AssertionError: All characters in the return value are digits", "AssertionError: All characters in the return value are digits", "AssertionError: All characters in the return value are digits", "AssertionError: All characters in the return value are digits", "AssertionError: All characters in the return value are digits", "AssertionError: All characters in the return value are digits", "AssertionError: All characters in the return value are digits", "AssertionError: All characters in the return value are digits", "AssertionError: All characters in the return value are digits", "AssertionError: All characters in the return value are digits", "AssertionError: All characters in the return value are digits", "AssertionError: All characters in the return value are digits", "AssertionError: All characters in the return value are digits", "AssertionError: All characters in the return value are digits", "AssertionError: All characters in the return value are digits", "AssertionError: All characters in the return value are digits", "AssertionError: All characters in the return value are digits", "AssertionError: All characters in the return value are digits", "AssertionError: All characters in the return value are digits", "AssertionError: All characters in the return value are digits", "AssertionError: All characters in the return value are digits", "AssertionError: All characters in the return value are digits", "AssertionError: All characters in the return value are digits", "AssertionError: All characters in the return value are digits", "AssertionError: All characters in the return value are digits", "AssertionError: All characters in the return value are digits", "AssertionError: All characters in the return value are digits", "AssertionError: All characters in the return value are digits", "AssertionError: All characters in the return value are digits", "AssertionError: All characters in the return value are digits", "AssertionError: All characters in the return value are digits", "AssertionError: All characters in the return value are digits", "AssertionError: All characters in the return value are digits", "AssertionError: All characters in the return value are digits", "AssertionError: All characters in the return value are digits", "AssertionError: All characters in the return value are digits", "AssertionError: All characters in the return value are digits", "AssertionError: All characters in the return value are digits", "AssertionError: All characters in the return value are digits", "AssertionError: All characters in the return value are digits", "AssertionError: All characters in the return value are digits", "AssertionError: All characters in the return value are digits", "AssertionError: All characters in the return value are digits", "AssertionError: All characters in the return value are digits", "AssertionError: All characters in the return value are digits", "AssertionError: All characters in the return value are digits", "AssertionError: All characters in the return value are digits", "AssertionError: All characters in the return value are digits", "AssertionError: All characters in the return value are digits", "AssertionError: All characters in the return value are digits", "AssertionError: All characters in the return value are digits", "AssertionError: All characters in the return value are digits", "AssertionError: All characters in the return value are digits", "AssertionError: All characters in the return value are digits", "AssertionError: All characters in the return value are digits", "AssertionError: All characters in the return value are digits", "AssertionError: All characters in the return value are digits", "AssertionError: All characters in the return value are digits", "AssertionError: All characters in the return value are digits", "AssertionError: All characters in the return value are digits", "AssertionError: All characters in the return value are digits", "AssertionError: All characters in the return value are digits", "AssertionError: All characters in the return value are digits", "AssertionError: All characters in the return value are digits", "AssertionError: All characters in the return value are digits", "AssertionError: All characters in the return value are digits", "AssertionError: All characters in the return value are digits", "AssertionError: All characters in the return value are digits", "AssertionError: All characters in the return value are digits", "AssertionError: All characters in the return value are digits", "AssertionError: All characters in the return value are digits", "AssertionError: All characters in the return value are digits", "AssertionError: All characters in the return value are digits", "AssertionError: All characters in the return value are digits", "AssertionError: All characters in the return value are digits", "AssertionError: All characters in the return value are digits", "AssertionError: All characters in the return value are digits", "AssertionError: All characters in the return value are digits", "AssertionError: All characters in the return value are digits", "AssertionError: All characters in the return value are digits", "AssertionError: All characters in the return value are digits", "AssertionError: All characters in the return value are digits", "AssertionError: All characters in the return value are digits"]], ["did not kill any mutants", [0, 0, 0, 0, 0, 0, 0, 0, 0, 0, 0, 0, 0, 0, 0, 0, 0, 0, 0, 0, 0, 0, 0, 0, 0, 0, 0, 0, 0, 0, 0, 0, 0, 0, 0, 0, 0, 0, 0, 0, 0, 0, 0, 0, 0, 0, 0, 0, 0, 0, 0, 0, 0, 0, 0, 0, 0, 0, 0, 0, 0, 0, 0, 0, 0, 0, 0, 0, 0, 0, 0, 0, 0, 0, 0, 0, 0, 0, 0, 0, 0, 0, 0, 0, 0, 0, 0, 0, 0, 0, 0, 0, 0, 0, 0, 0, 0, 0, 0, 0, 0, 0, 0, 0, 0, 0, 0, 0, 0, 0, 0, 0, 0, 0, 0, 0, 0, 0, 0, 0, 0, 0, 0, 0, 0, 0, 0, 0, 0, 0, 0, 0, 0, 0, 0], [null, null, null, null, null, null, null, null, null, null, null, null, null, null, null, null, null, null, null, null, null, null, null, null, null, null, null, null, null, null, null, null, null, null, null, null, null, null, null, null, null, null, null, null, null, null, null, null, null, null, null, null, null, null, null, null, null, null, null, null, null, null, null, null, null, null, null, null, null, null, null, null, null, null, null, null, null, null, null, null, null, null, null, null, null, null, null, null, null, null, null, null, null, null, null, null, null, null, null, null, null, null, null, null, null, null, null, null, null, null, null, null, null, null, null, null, null, null, null, null, null, null, null, null, null, null, null, null, null, null, null, null, null, null, null]], ["did not kill any mutants", [0, 0, 0, 0, 0, 0, 0, 0, 0, 0, 0, 0, 0, 0, 0, 0, 0, 0, 0, 0, 0, 0, 0, 0, 0, 0, 0, 0, 0, 0, 0, 0, 0, 0, 0, 0, 0, 0, 0, 0, 0, 0, 0, 0, 0, 0, 0, 0, 0, 0, 0, 0, 0, 0, 0, 0, 0, 0, 0, 0, 0, 0, 0, 0, 0, 0, 0, 0, 0, 0, 0, 0, 0, 0, 0, 0, 0, 0, 0, 0, 0, 0, 0, 0, 0, 0, 0, 0, 0, 0, 0, 0, 0, 0, 0, 0, 0, 0, 0, 0, 0, 0, 0, 0, 0, 0, 0, 0, 0, 0, 0, 0, 0, 0, 0, 0, 0, 0, 0, 0, 0, 0, 0, 0, 0, 0, 0, 0, 0, 0, 0, 0, 0, 0], [null, null, null, null, null, null, null, null, null, null, null, null, null, null, null, null, null, null, null, null, null, null, null, null, null, null, null, null, null, null, null, null, null, null, null, null, null, null, null, null, null, null, null, null, null, null, null, null, null, null, null, null, null, null, null, null, null, null, null, null, null, null, null, null, null, null, null, null, null, null, null, null, null, null, null, null, null, null, null, null, null, null, null, null, null, null, null, null, null, null, null, null, null, null, null, null, null, null, null, null, null, null, null, null, null, null, null, null, null, null, null, null, null, null, null, null, null, null, null, null, null, null, null, null, null, null, null, null, null, null, null, null, null, null]], ["did not kill any mutants", [0, 0, 0, 0, 0, 0, 0, 0, 0, 0, 0, 0, 0, 0, 0, 0, 0, 0, 0, 0, 0, 0, 0, 0, 0, 0, 0, 0, 0, 0, 0, 0, 0, 0, 0, 0, 0, 0, 0, 0, 0, 0, 0, 0, 0, 0, 0, 0, 0, 0, 0, 0, 0, 0, 0, 0, 0], [null, null, null, null, null, null, null, null, null, null, null, null, null, null, null, null, null, null, null, null, null, null, null, null, null, null, null, null, null, null, null, null, null, null, null, null, null, null, null, null, null, null, null, null, null, null, null, null, null, null, null, null, null, null, null, null, null]], ["did not kill any mutants", [0, 0, 0, 0, 0, 0, 0, 0, 0, 0, 0, 0, 0, 0, 0, 0, 0, 0, 0, 0, 0, 0, 0, 0, 0, 0, 0, 0, 0, 0, 0, 0, 0, 0, 0, 0, 0, 0, 0, 0, 0, 0, 0, 0, 0, 0, 0, 0, 0, 0, 0, 0, 0, 0, 0, 0, 0, 0, 0, 0, 0, 0, 0, 0, 0, 0, 0, 0, 0, 0, 0, 0, 0, 0, 0, 0, 0, 0, 0, 0, 0, 0, 0, 0, 0, 0, 0, 0, 0, 0, 0, 0, 0, 0, 0, 0, 0, 0, 0, 0, 0, 0, 0, 0, 0, 0, 0, 0, 0, 0, 0, 0, 0, 0, 0, 0, 0, 0, 0, 0, 0, 0, 0, 0, 0, 0, 0], [null, null, null, null, null, null, null, null, null, null, null, null, null, null, null, null, null, null, null, null, null, null, null, null, null, null, null, null, null, null, null, null, null, null, null, null, null, null, null, null, null, null, null, null, null, null, null, null, null, null, null, null, null, null, null, null, null, null, null, null, null, null, null, null, null, null, null, null, null, null, null, null, null, null, null, null, null, null, null, null, null, null, null, null, null, null, null, null, null, null, null, null, null, null, null, null, null, null, null, null, null, null, null, null, null, null, null, null, null, null, null, null, null, null, null, null, null, null, null, null, null, null, null, null, null, null, null]], ["did not kill any mutants", [0, 0, 0, 0, 0, 0, 0, 0, 0, 0, 0, 0, 0, 0, 0, 0, 0, 0, 0, 0, 0, 0, 0, 0, 0, 0, 0, 0, 0, 0, 0, 0, 0, 0, 0, 0, 0, 0, 0, 0, 0, 0, 0, 0, 0, 0, 0, 0, 0, 0, 0, 0, 0, 0, 0, 0, 0, 0, 0, 0, 0, 0, 0, 0, 0, 0, 0, 0, 0, 0, 0, 0, 0, 0, 0, 0, 0, 0, 0, 0, 0, 0, 0, 0, 0, 0, 0, 0, 0, 0, 0, 0, 0, 0, 0, 0, 0, 0, 0, 0, 0, 0, 0, 0, 0, 0, 0, 0, 0, 0, 0, 0, 0, 0, 0, 0, 0, 0, 0, 0, 0, 0, 0, 0, 0, 0, 0, 0, 0, 0, 0, 0, 0, 0, 0], [null, null, null, null, null, null, null, null, null, null, null, null, null, null, null, null, null, null, null, null, null, null, null, null, null, null, null, null, null, null, null, null, null, null, null, null, null, null, null, null, null, null, null, null, null, null, null, null, null, null, null, null, null, null, null, null, null, null, null, null, null, null, null, null, null, null, null, null, null, null, null, null, null, null, null, null, null, null, null, null, null, null, null, null, null, null, null, null, null, null, null, null, null, null, null, null, null, null, null, null, null, null, null, null, null, null, null, null, null, null, null, null, null, null, null, null, null, null, null, null, null, null, null, null, null, null, null, null, null, null, null, null, null, null, null]], ["did not kill any mutants", [0, 0, 0, 0, 0, 0, 0, 0, 0, 0, 0, 0, 0, 0, 0, 0, 0, 0, 0, 0, 0, 0, 0, 0, 0, 0, 0, 0, 0, 0, 0, 0, 0, 0, 0, 0, 0, 0, 0, 0, 0, 0, 0, 0, 0, 0, 0, 0, 0, 0, 0, 0, 0, 0, 0, 0, 0, 0, 0, 0, 0, 0, 0, 0, 0, 0, 0, 0, 0, 0, 0, 0, 0, 0, 0, 0, 0, 0, 0, 0, 0, 0, 0, 0, 0, 0, 0, 0, 0, 0, 0, 0, 0, 0, 0, 0, 0, 0, 0, 0, 0, 0, 0, 0, 0, 0, 0, 0, 0, 0, 0, 0, 0, 0, 0, 0, 0, 0, 0, 0, 0, 0, 0, 0, 0, 0, 0, 0, 0, 0, 0, 0, 0, 0, 0], [null, null, null, null, null, null, null, null, null, null, null, null, null, null, null, null, null, null, null, null, null, null, null, null, null, null, null, null, null, null, null, null, null, null, null, null, null, null, null, null, null, null, null, null, null, null, null, null, null, null, null, null, null, null, null, null, null, null, null, null, null, null, null, null, null, null, null, null, null, null, null, null, null, null, null, null, null, null, null, null, null, null, null, null, null, null, null, null, null, null, null, null, null, null, null, null, null, null, null, null, null, null, null, null, null, null, null, null, null, null, null, null, null, null, null, null, null, null, null, null, null, null, null, null, null, null, null, null, null, null, null, null, null, null, null]], ["killed at least one mutant", [1, 1, 1, 1, 1, 1, 1, 1, 1, 1, 1, 1, 1, 1, 1, 1, 1, 1, 1, 1, 1, 1, 1, 1, 1, 1, 1, 1, 1, 1, 1, 1, 1, 1, 1, 1, 1, 1, 1, 1, 1, 1, 1, 1, 1, 1, 1, 1, 1, 1, 1, 1, 1, 1, 1, 1, 1, 1, 1, 1, 1, 1, 1, 1, 1, 1, 1, 1, 1, 1, 1, 1, 1, 1, 1, 1, 1, 1, 1, 1, 1, 1, 1, 1, 1, 1, 1, 1, 1, 1, 1, 1, 1, 1, 1, 1, 1, 1, 1, 1, 1, 1, 1, 1, 1, 1, 1, 1, 1, 1, 1, 1, 1, 1, 1, 1, 1, 1, 1, 1, 1, 1, 1, 1, 1, 1, 1, 1, 1, 1, 1, 1, 1, 1, 1], ["AssertionError: All characters in the return value are digits", "AssertionError: All characters in the return value are digits", "AssertionError: All characters in the return value are digits", "AssertionError: All characters in the return value are digits", "AssertionError: All characters in the return value are digits", "AssertionError: All characters in the return value are digits", "AssertionError: All characters in the return value are digits", "AssertionError: All characters in the return value are digits", "AssertionError: All characters in the return value are digits", "AssertionError: All characters in the return value are digits", "AssertionError: All characters in the return value are digits", "AssertionError: All characters in the return value are digits", "AssertionError: All characters in the return value are digits", "AssertionError: All characters in the return value are digits", "AssertionError: All characters in the return value are digits", "AssertionError: All characters in the return value are digits", "AssertionError: All characters in the return value are digits", "AssertionError: All characters in the return value are digits", "AssertionError: All characters in the return value are digits", "AssertionError: All characters in the return value are digits", "AssertionError: All characters in the return value are digits", "AssertionError: All characters in the return value are digits", "AssertionError: All characters in the return value are digits", "AssertionError: All characters in the return value are digits", "AssertionError: All characters in the return value are digits", "AssertionError: All characters in the return value are digits", "AssertionError: All characters in the return value are digits", "AssertionError: All characters in the return value are digits", "AssertionError: All characters in the return value are digits", "AssertionError: All characters in the return value are digits", "AssertionError: All characters in the return value are digits", "AssertionError: All characters in the return value are digits", "AssertionError: All characters in the return value are digits", "AssertionError: All characters in the return value are digits", "AssertionError: All characters in the return value are digits", "AssertionError: All characters in the return value are digits", "AssertionError: All characters in the return value are digits", "AssertionError: All characters in the return value are digits", "AssertionError: All characters in the return value are digits", "AssertionError: All characters in the return value are digits", "AssertionError: All characters in the return value are digits", "AssertionError: All characters in the return value are digits", "AssertionError: All characters in the return value are digits", "AssertionError: All characters in the return value are digits", "AssertionError: All characters in the return value are digits", "AssertionError: All characters in the return value are digits", "AssertionError: All characters in the return value are digits", "AssertionError: All characters in the return value are digits", "AssertionError: All characters in the return value are digits", "AssertionError: All characters in the return value are digits", "AssertionError: All characters in the return value are digits", "AssertionError: All characters in the return value are digits", "AssertionError: All characters in the return value are digits", "AssertionError: All characters in the return value are digits", "AssertionError: All characters in the return value are digits", "AssertionError: All characters in the return value are digits", "AssertionError: All characters in the return value are digits", "AssertionError: All characters in the return value are digits", "AssertionError: All characters in the return value are digits", "AssertionError: All characters in the return value are digits", "AssertionError: All characters in the return value are digits", "AssertionError: All characters in the return value are digits", "AssertionError: All characters in the return value are digits", "AssertionError: All characters in the return value are digits", "AssertionError: All characters in the return value are digits", "AssertionError: All characters in the return value are digits", "AssertionError: All characters in the return value are digits", "AssertionError: All characters in the return value are digits", "AssertionError: All characters in the return value are digits", "AssertionError: All characters in the return value are digits", "AssertionError: All characters in the return value are digits", "AssertionError: All characters in the return value are digits", "AssertionError: All characters in the return value are digits", "AssertionError: All characters in the return value are digits", "AssertionError: All characters in the return value are digits", "AssertionError: All characters in the return value are digits", "AssertionError: All characters in the return value are digits", "AssertionError: All characters in the return value are digits", "AssertionError: All characters in the return value are digits", "AssertionError: All characters in the return value are digits", "AssertionError: All characters in the return value are digits", "AssertionError: All characters in the return value are digits", "AssertionError: All characters in the return value are digits", "AssertionError: All characters in the return value are digits", "AssertionError: All characters in the return value are digits", "AssertionError: All characters in the return value are digits", "AssertionError: All characters in the return value are digits", "AssertionError: All characters in the return value are digits", "AssertionError: All characters in the return value are digits", "AssertionError: All characters in the return value are digits", "AssertionError: All characters in the return value are digits", "AssertionError: All characters in the return value are digits", "AssertionError: All characters in the return value are digits", "AssertionError: All characters in the return value are digits", "AssertionError: All characters in the return value are digits", "AssertionError: All characters in the return value are digits", "AssertionError: All characters in the return value are digits", "AssertionError: All characters in the return value are digits", "AssertionError: All characters in the return value are digits", "AssertionError: All characters in the return value are digits", "AssertionError: All characters in the return value are digits", "AssertionError: All characters in the return value are digits", "AssertionError: All characters in the return value are digits", "AssertionError: All characters in the return value are digits", "AssertionError: All characters in the return value are digits", "AssertionError: All characters in the return value are digits", "AssertionError: All characters in the return value are digits", "AssertionError: All characters in the return value are digits", "AssertionError: All characters in the return value are digits", "AssertionError: All characters in the return value are digits", "AssertionError: All characters in the return value are digits", "AssertionError: All characters in the return value are digits", "AssertionError: All characters in the return value are digits", "AssertionError: All characters in the return value are digits", "AssertionError: All characters in the return value are digits", "AssertionError: All characters in the return value are digits", "AssertionError: All characters in the return value are digits", "AssertionError: All characters in the return value are digits", "AssertionError: All characters in the return value are digits", "AssertionError: All characters in the return value are digits", "AssertionError: All characters in the return value are digits", "AssertionError: All characters in the return value are digits", "AssertionError: All characters in the return value are digits", "AssertionError: All characters in the return value are digits", "AssertionError: All characters in the return value are digits", "AssertionError: All characters in the return value are digits", "AssertionError: All characters in the return value are digits", "AssertionError: All characters in the return value are digits", "AssertionError: All characters in the return value are digits", "AssertionError: All characters in the return value are digits", "AssertionError: All characters in the return value are digits", "AssertionError: All characters in the return value are digits", "AssertionError: All characters in the return value are digits", "AssertionError: All characters in the return value are digits", "AssertionError: All characters in the return value are digits"]], ["killed at least one mutant", [1, 1, 1, 1, 1, 1, 1, 1, 1, 1, 1, 1, 1, 1, 1, 1, 1, 1, 1, 1, 1, 1, 1, 1, 1, 1, 1, 1, 1, 1, 1, 1, 1, 1, 1, 1, 1, 1, 1, 1, 1, 1, 1, 1, 1, 1, 1, 1, 1, 1, 1, 1, 1, 1, 1, 1, 1, 1, 1, 1, 1, 1, 1, 1, 1, 1, 1, 1, 1, 1, 1, 1, 1, 1, 1, 1, 1, 1, 1, 1, 1, 1, 1, 1, 1, 1, 1, 1, 1, 1, 1, 1, 1, 1, 1, 1, 1, 1, 1, 1, 1, 1, 1, 1, 1, 1, 1, 1, 1, 1, 1, 1, 1, 1, 1, 1, 1, 1, 1, 1, 1, 1, 1, 1, 1, 1, 1, 1, 1, 1, 1, 1, 1, 1, 1], ["AssertionError: All characters in the return value are digits", "AssertionError: All characters in the return value are digits", "AssertionError: All characters in the return value are digits", "AssertionError: All characters in the return value are digits", "AssertionError: All characters in the return value are digits", "AssertionError: All characters in the return value are digits", "AssertionError: All characters in the return value are digits", "AssertionError: All characters in the return value are digits", "AssertionError: All characters in the return value are digits", "AssertionError: All characters in the return value are digits", "AssertionError: All characters in the return value are digits", "AssertionError: All characters in the return value are digits", "AssertionError: All characters in the return value are digits", "AssertionError: All characters in the return value are digits", "AssertionError: All characters in the return value are digits", "AssertionError: All characters in the return value are digits", "AssertionError: All characters in the return value are digits", "AssertionError: All characters in the return value are digits", "AssertionError: All characters in the return value are digits", "AssertionError: All characters in the return value are digits", "AssertionError: All characters in the return value are digits", "AssertionError: All characters in the return value are digits", "AssertionError: All characters in the return value are digits", "AssertionError: All characters in the return value are digits", "AssertionError: All characters in the return value are digits", "AssertionError: All characters in the return value are digits", "AssertionError: All characters in the return value are digits", "AssertionError: All characters in the return value are digits", "AssertionError: All characters in the return value are digits", "AssertionError: All characters in the return value are digits", "AssertionError: All characters in the return value are digits", "AssertionError: All characters in the return value are digits", "AssertionError: All characters in the return value are digits", "AssertionError: All characters in the return value are digits", "AssertionError: All characters in the return value are digits", "AssertionError: All characters in the return value are digits", "AssertionError: All characters in the return value are digits", "AssertionError: All characters in the return value are digits", "AssertionError: All characters in the return value are digits", "AssertionError: All characters in the return value are digits", "AssertionError: All characters in the return value are digits", "AssertionError: All characters in the return value are digits", "AssertionError: All characters in the return value are digits", "AssertionError: All characters in the return value are digits", "AssertionError: All characters in the return value are digits", "AssertionError: All characters in the return value are digits", "AssertionError: All characters in the return value are digits", "AssertionError: All characters in the return value are digits", "AssertionError: All characters in the return value are digits", "AssertionError: All characters in the return value are digits", "AssertionError: All characters in the return value are digits", "AssertionError: All characters in the return value are digits", "AssertionError: All characters in the return value are digits", "AssertionError: All characters in the return value are digits", "AssertionError: All characters in the return value are digits", "AssertionError: All characters in the return value are digits", "AssertionError: All characters in the return value are digits", "AssertionError: All characters in the return value are digits", "AssertionError: All characters in the return value are digits", "AssertionError: All characters in the return value are digits", "AssertionError: All characters in the return value are digits", "AssertionError: All characters in the return value are digits", "AssertionError: All characters in the return value are digits", "AssertionError: All characters in the return value are digits", "AssertionError: All characters in the return value are digits", "AssertionError: All characters in the return value are digits", "AssertionError: All characters in the return value are digits", "AssertionError: All characters in the return value are digits", "AssertionError: All characters in the return value are digits", "AssertionError: All characters in the return value are digits", "AssertionError: All characters in the return value are digits", "AssertionError: All characters in the return value are digits", "AssertionError: All characters in the return value are digits", "AssertionError: All characters in the return value are digits", "AssertionError: All characters in the return value are digits", "AssertionError: All characters in the return value are digits", "AssertionError: All characters in the return value are digits", "AssertionError: All characters in the return value are digits", "AssertionError: All characters in the return value are digits", "AssertionError: All characters in the return value are digits", "AssertionError: All characters in the return value are digits", "AssertionError: All characters in the return value are digits", "AssertionError: All characters in the return value are digits", "AssertionError: All characters in the return value are digits", "AssertionError: All characters in the return value are digits", "AssertionError: All characters in the return value are digits", "AssertionError: All characters in the return value are digits", "AssertionError: All characters in the return value are digits", "AssertionError: All characters in the return value are digits", "AssertionError: All characters in the return value are digits", "AssertionError: All characters in the return value are digits", "AssertionError: All characters in the return value are digits", "AssertionError: All characters in the return value are digits", "AssertionError: All characters in the return value are digits", "AssertionError: All characters in the return value are digits", "AssertionError: All characters in the return value are digits", "AssertionError: All characters in the return value are digits", "AssertionError: All characters in the return value are digits", "AssertionError: All characters in the return value are digits", "AssertionError: All characters in the return value are digits", "AssertionError: All characters in the return value are digits", "AssertionError: All characters in the return value are digits", "AssertionError: All characters in the return value are digits", "AssertionError: All characters in the return value are digits", "AssertionError: All characters in the return value are digits", "AssertionError: All characters in the return value are digits", "AssertionError: All characters in the return value are digits", "AssertionError: All characters in the return value are digits", "AssertionError: All characters in the return value are digits", "AssertionError: All characters in the return value are digits", "AssertionError: All characters in the return value are digits", "AssertionError: All characters in the return value are digits", "AssertionError: All characters in the return value are digits", "AssertionError: All characters in the return value are digits", "AssertionError: All characters in the return value are digits", "AssertionError: All characters in the return value are digits", "AssertionError: All characters in the return value are digits", "AssertionError: All characters in the return value are digits", "AssertionError: All characters in the return value are digits", "AssertionError: All characters in the return value are digits", "AssertionError: All characters in the return value are digits", "AssertionError: All characters in the return value are digits", "AssertionError: All characters in the return value are digits", "AssertionError: All characters in the return value are digits", "AssertionError: All characters in the return value are digits", "AssertionError: All characters in the return value are digits", "AssertionError: All characters in the return value are digits", "AssertionError: All characters in the return value are digits", "AssertionError: All characters in the return value are digits", "AssertionError: All characters in the return value are digits", "AssertionError: All characters in the return value are digits", "AssertionError: All characters in the return value are digits", "AssertionError: All characters in the return value are digits", "AssertionError: All characters in the return value are digits", "AssertionError: All characters in the return value are digits"]], ["did not kill any mutants", [0, 0, 0, 0, 0, 0, 0, 0, 0, 0, 0, 0, 0, 0, 0, 0, 0, 0, 0, 0, 0, 0, 0, 0, 0, 0, 0, 0, 0, 0, 0, 0, 0, 0, 0, 0, 0, 0, 0, 0, 0, 0, 0, 0, 0, 0, 0, 0, 0, 0, 0, 0, 0, 0, 0, 0, 0, 0, 0, 0, 0, 0, 0, 0, 0, 0, 0, 0, 0, 0, 0, 0, 0, 0, 0, 0, 0, 0, 0, 0, 0, 0, 0, 0, 0, 0, 0, 0, 0, 0, 0, 0, 0, 0, 0, 0, 0, 0, 0, 0, 0, 0, 0, 0, 0, 0, 0, 0, 0, 0, 0, 0, 0, 0, 0, 0, 0, 0, 0, 0, 0, 0, 0, 0, 0, 0, 0, 0, 0, 0, 0, 0, 0, 0], [null, null, null, null, null, null, null, null, null, null, null, null, null, null, null, null, null, null, null, null, null, null, null, null, null, null, null, null, null, null, null, null, null, null, null, null, null, null, null, null, null, null, null, null, null, null, null, null, null, null, null, null, null, null, null, null, null, null, null, null, null, null, null, null, null, null, null, null, null, null, null, null, null, null, null, null, null, null, null, null, null, null, null, null, null, null, null, null, null, null, null, null, null, null, null, null, null, null, null, null, null, null, null, null, null, null, null, null, null, null, null, null, null, null, null, null, null, null, null, null, null, null, null, null, null, null, null, null, null, null, null, null, null, null]], ["killed at least one mutant", [1, 1, 1, 1, 1, 1, 1, 1, 1, 1, 1, 1, 1, 1, 1, 1, 1, 1, 1, 1, 1, 1, 1, 1, 1, 1, 1, 1, 1, 1, 1, 1, 1, 1, 1, 1, 1, 1, 1, 1, 1, 1, 1, 1, 1, 1, 1, 1, 1, 1, 1, 1, 1, 1, 1, 1, 1, 1, 1, 1, 1, 1, 1, 1, 1, 1, 1, 1, 1, 1, 1, 1, 1, 1, 1, 1, 1, 1, 1, 1, 1, 1, 1, 1, 1, 1, 1, 1, 1, 1, 1, 1, 1, 1, 1, 1, 1, 1, 1, 1, 1, 1, 1, 1, 1, 1, 1, 1, 1, 1, 1, 1, 1, 1, 1, 1, 1, 1, 1, 1, 1, 1, 1, 1, 1, 1, 1, 1, 1, 1, 1, 1, 1, 1, 1], ["AssertionError: All characters in the return value are digits", "AssertionError: All characters in the return value are digits", "AssertionError: All characters in the return value are digits", "AssertionError: All characters in the return value are digits", "AssertionError: All characters in the return value are digits", "AssertionError: All characters in the return value are digits", "AssertionError: All characters in the return value are digits", "AssertionError: All characters in the return value are digits", "AssertionError: All characters in the return value are digits", "AssertionError: All characters in the return value are digits", "AssertionError: All characters in the return value are digits", "AssertionError: All characters in the return value are digits", "AssertionError: All characters in the return value are digits", "AssertionError: All characters in the return value are digits", "AssertionError: All characters in the return value are digits", "AssertionError: All characters in the return value are digits", "AssertionError: All characters in the return value are digits", "AssertionError: All characters in the return value are digits", "AssertionError: All characters in the return value are digits", "AssertionError: All characters in the return value are digits", "AssertionError: All characters in the return value are digits", "AssertionError: All characters in the return value are digits", "AssertionError: All characters in the return value are digits", "AssertionError: All characters in the return value are digits", "AssertionError: All characters in the return value are digits", "AssertionError: All characters in the return value are digits", "AssertionError: All characters in the return value are digits", "AssertionError: All characters in the return value are digits", "AssertionError: All characters in the return value are digits", "AssertionError: All characters in the return value are digits", "AssertionError: All characters in the return value are digits", "AssertionError: All characters in the return value are digits", "AssertionError: All characters in the return value are digits", "AssertionError: All characters in the return value are digits", "AssertionError: All characters in the return value are digits", "AssertionError: All characters in the return value are digits", "AssertionError: All characters in the return value are digits", "AssertionError: All characters in the return value are digits", "AssertionError: All characters in the return value are digits", "AssertionError: All characters in the return value are digits", "AssertionError: All characters in the return value are digits", "AssertionError: All characters in the return value are digits", "AssertionError: All characters in the return value are digits", "AssertionError: All characters in the return value are digits", "AssertionError: All characters in the return value are digits", "AssertionError: All characters in the return value are digits", "AssertionError: All characters in the return value are digits", "AssertionError: All characters in the return value are digits", "AssertionError: All characters in the return value are digits", "AssertionError: All characters in the return value are digits", "AssertionError: All characters in the return value are digits", "AssertionError: All characters in the return value are digits", "AssertionError: All characters in the return value are digits", "AssertionError: All characters in the return value are digits", "AssertionError: All characters in the return value are digits", "AssertionError: All characters in the return value are digits", "AssertionError: All characters in the return value are digits", "AssertionError: All characters in the return value are digits", "AssertionError: All characters in the return value are digits", "AssertionError: All characters in the return value are digits", "AssertionError: All characters in the return value are digits", "AssertionError: All characters in the return value are digits", "AssertionError: All characters in the return value are digits", "AssertionError: All characters in the return value are digits", "AssertionError: All characters in the return value are digits", "AssertionError: All characters in the return value are digits", "AssertionError: All characters in the return value are digits", "AssertionError: All characters in the return value are digits", "AssertionError: All characters in the return value are digits", "AssertionError: All characters in the return value are digits", "AssertionError: All characters in the return value are digits", "AssertionError: All characters in the return value are digits", "AssertionError: All characters in the return value are digits", "AssertionError: All characters in the return value are digits", "AssertionError: All characters in the return value are digits", "AssertionError: All characters in the return value are digits", "AssertionError: All characters in the return value are digits", "AssertionError: All characters in the return value are digits", "AssertionError: All characters in the return value are digits", "AssertionError: All characters in the return value are digits", "AssertionError: All characters in the return value are digits", "AssertionError: All characters in the return value are digits", "AssertionError: All characters in the return value are digits", "AssertionError: All characters in the return value are digits", "AssertionError: All characters in the return value are digits", "AssertionError: All characters in the return value are digits", "AssertionError: All characters in the return value are digits", "AssertionError: All characters in the return value are digits", "AssertionError: All characters in the return value are digits", "AssertionError: All characters in the return value are digits", "AssertionError: All characters in the return value are digits", "AssertionError: All characters in the return value are digits", "AssertionError: All characters in the return value are digits", "AssertionError: All characters in the return value are digits", "AssertionError: All characters in the return value are digits", "AssertionError: All characters in the return value are digits", "AssertionError: All characters in the return value are digits", "AssertionError: All characters in the return value are digits", "AssertionError: All characters in the return value are digits", "AssertionError: All characters in the return value are digits", "AssertionError: All characters in the return value are digits", "AssertionError: All characters in the return value are digits", "AssertionError: All characters in the return value are digits", "AssertionError: All characters in the return value are digits", "AssertionError: All characters in the return value are digits", "AssertionError: All characters in the return value are digits", "AssertionError: All characters in the return value are digits", "AssertionError: All characters in the return value are digits", "AssertionError: All characters in the return value are digits", "AssertionError: All characters in the return value are digits", "AssertionError: All characters in the return value are digits", "AssertionError: All characters in the return value are digits", "AssertionError: All characters in the return value are digits", "AssertionError: All characters in the return value are digits", "AssertionError: All characters in the return value are digits", "AssertionError: All characters in the return value are digits", "AssertionError: All characters in the return value are digits", "AssertionError: All characters in the return value are digits", "AssertionError: All characters in the return value are digits", "AssertionError: All characters in the return value are digits", "AssertionError: All characters in the return value are digits", "AssertionError: All characters in the return value are digits", "AssertionError: All characters in the return value are digits", "AssertionError: All characters in the return value are digits", "AssertionError: All characters in the return value are digits", "AssertionError: All characters in the return value are digits", "AssertionError: All characters in the return value are digits", "AssertionError: All characters in the return value are digits", "AssertionError: All characters in the return value are digits", "AssertionError: All characters in the return value are digits", "AssertionError: All characters in the return value are digits", "AssertionError: All characters in the return value are digits", "AssertionError: All characters in the return value are digits", "AssertionError: All characters in the return value are digits", "AssertionError: All characters in the return value are digits"]], ["did not kill any mutants", [0, 0, 0, 0, 0, 0, 0, 0, 0, 0, 0, 0, 0, 0, 0, 0, 0, 0, 0, 0, 0, 0, 0, 0, 0, 0, 0, 0, 0, 0, 0, 0, 0, 0, 0, 0, 0, 0, 0, 0, 0, 0, 0, 0, 0, 0, 0, 0, 0, 0, 0, 0, 0, 0, 0, 0, 0, 0, 0, 0, 0, 0, 0, 0, 0, 0, 0, 0, 0, 0, 0, 0, 0, 0, 0, 0, 0, 0, 0, 0, 0, 0, 0, 0, 0, 0, 0, 0, 0, 0, 0, 0, 0, 0, 0, 0, 0, 0, 0, 0, 0, 0, 0, 0, 0, 0, 0, 0, 0, 0, 0, 0, 0, 0, 0, 0, 0, 0, 0, 0, 0, 0, 0, 0, 0, 0, 0, 0, 0, 0, 0, 0, 0, 0], [null, null, null, null, null, null, null, null, null, null, null, null, null, null, null, null, null, null, null, null, null, null, null, null, null, null, null, null, null, null, null, null, null, null, null, null, null, null, null, null, null, null, null, null, null, null, null, null, null, null, null, null, null, null, null, null, null, null, null, null, null, null, null, null, null, null, null, null, null, null, null, null, null, null, null, null, null, null, null, null, null, null, null, null, null, null, null, null, null, null, null, null, null, null, null, null, null, null, null, null, null, null, null, null, null, null, null, null, null, null, null, null, null, null, null, null, null, null, null, null, null, null, null, null, null, null, null, null, null, null, null, null, null, null]]]}}