{"HumanEval/153": {"nbuggyPrograms": 39, "buggy_code_response_num": [4, 7, 14, 15, 17, 18, 37, 46, 122, 133, 144, 157, 202, 204, 205, 216, 224, 226, 232, 238, 239, 241, 247, 251, 252, 254, 256, 257, 261, 268, 270, 272, 273, 276, 283, 291, 294, 296, 299], "post_condition_response_num": [2, 2, 2, 2, 2, 2, 2, 2, 2, 2, 2, 2, 2, 2, 2, 2, 2, 2, 2, 2, 2, 2, 2, 2, 2, 2, 2, 2, 2, 2, 2, 2, 2, 2, 2, 2, 2, 2, 2], "num_tests_run": 3174, "num_tests_killed": 1230, "test_results": [["did not kill any mutants", [0, 0, 0, 0, 0, 0, 0, 0, 0], [null, null, null, null, null, null, null, null, null]], ["did not kill any mutants", [0, 0, 0, 0, 0, 0, 0, 0, 0, 0, 0, 0, 0, 0, 0, 0, 0, 0, 0, 0, 0, 0, 0, 0, 0, 0, 0, 0, 0, 0, 0, 0, 0, 0, 0, 0, 0, 0, 0, 0, 0, 0, 0, 0, 0, 0, 0, 0, 0, 0, 0, 0, 0, 0, 0, 0, 0, 0, 0, 0, 0, 0, 0, 0, 0, 0, 0, 0, 0, 0, 0, 0, 0, 0, 0, 0, 0, 0, 0, 0, 0, 0, 0, 0, 0, 0, 0, 0, 0, 0, 0, 0, 0, 0, 0, 0, 0, 0, 0, 0, 0, 0, 0, 0, 0, 0, 0, 0, 0, 0, 0, 0, 0, 0, 0, 0, 0, 0, 0, 0, 0, 0, 0, 0, 0, 0, 0, 0, 0, 0, 0, 0, 0, 0, 0, 0, 0, 0, 0, 0, 0, 0, 0, 0, 0, 0, 0, 0, 0, 0, 0, 0, 0, 0, 0, 0, 0, 0, 0, 0, 0, 0, 0, 0, 0, 0, 0, 0, 0, 0, 0, 0, 0], [null, null, null, null, null, null, null, null, null, null, null, null, null, null, null, null, null, null, null, null, null, null, null, null, null, null, null, null, null, null, null, null, null, null, null, null, null, null, null, null, null, null, null, null, null, null, null, null, null, null, null, null, null, null, null, null, null, null, null, null, null, null, null, null, null, null, null, null, null, null, null, null, null, null, null, null, null, null, null, null, null, null, null, null, null, null, null, null, null, null, null, null, null, null, null, null, null, null, null, null, null, null, null, null, null, null, null, null, null, null, null, null, null, null, null, null, null, null, null, null, null, null, null, null, null, null, null, null, null, null, null, null, null, null, null, null, null, null, null, null, null, null, null, null, null, null, null, null, null, null, null, null, null, null, null, null, null, null, null, null, null, null, null, null, null, null, null, null, null, null, null, null, null]], ["did not kill any mutants", [0, 0, 0, 0, 0, 0, 0, 0, 0, 0, 0, 0, 0, 0, 0, 0, 0, 0, 0, 0, 0, 0, 0, 0, 0, 0, 0, 0, 0, 0, 0, 0, 0, 0, 0, 0, 0, 0, 0, 0, 0, 0, 0, 0, 0, 0, 0, 0, 0, 0, 0, 0, 0, 0, 0, 0, 0, 0, 0, 0, 0, 0, 0, 0, 0, 0, 0, 0, 0, 0, 0, 0, 0, 0, 0, 0, 0, 0, 0, 0], [null, null, null, null, null, null, null, null, null, null, null, null, null, null, null, null, null, null, null, null, null, null, null, null, null, null, null, null, null, null, null, null, null, null, null, null, null, null, null, null, null, null, null, null, null, null, null, null, null, null, null, null, null, null, null, null, null, null, null, null, null, null, null, null, null, null, null, null, null, null, null, null, null, null, null, null, null, null, null, null]], ["did not kill any mutants", [0, 0, 0, 0, 0, 0, 0, 0, 0, 0, 0, 0, 0, 0, 0, 0, 0, 0, 0, 0, 0, 0, 0, 0, 0, 0, 0, 0, 0, 0, 0, 0, 0, 0, 0, 0, 0], [null, null, null, null, null, null, null, null, null, null, null, null, null, null, null, null, null, null, null, null, null, null, null, null, null, null, null, null, null, null, null, null, null, null, null, null, null]], ["did not kill any mutants", [0, 0, 0, 0, 0, 0, 0, 0, 0, 0, 0, 0, 0, 0, 0, 0, 0, 0, 0, 0, 0, 0, 0, 0, 0, 0, 0, 0, 0, 0, 0, 0, 0, 0, 0, 0, 0, 0, 0, 0, 0, 0, 0, 0, 0, 0, 0, 0, 0, 0, 0, 0, 0, 0, 0, 0, 0, 0, 0, 0, 0, 0, 0, 0, 0, 0, 0, 0, 0, 0, 0, 0, 0, 0, 0, 0, 0, 0, 0, 0, 0, 0, 0, 0, 0, 0, 0, 0, 0, 0, 0, 0, 0, 0, 0, 0, 0, 0, 0, 0, 0, 0, 0, 0, 0, 0, 0, 0, 0, 0, 0, 0, 0, 0, 0, 0, 0, 0, 0, 0, 0, 0, 0, 0, 0, 0, 0, 0, 0, 0, 0, 0, 0, 0, 0, 0, 0, 0, 0, 0, 0, 0, 0, 0, 0, 0, 0, 0, 0, 0, 0, 0, 0, 0, 0, 0, 0, 0, 0, 0, 0, 0, 0, 0, 0, 0, 0, 0, 0, 0, 0, 0, 0, 0, 0, 0, 0, 0, 0, 0, 0, 0, 0, 0], [null, null, null, null, null, null, null, null, null, null, null, null, null, null, null, null, null, null, null, null, null, null, null, null, null, null, null, null, null, null, null, null, null, null, null, null, null, null, null, null, null, null, null, null, null, null, null, null, null, null, null, null, null, null, null, null, null, null, null, null, null, null, null, null, null, null, null, null, null, null, null, null, null, null, null, null, null, null, null, null, null, null, null, null, null, null, null, null, null, null, null, null, null, null, null, null, null, null, null, null, null, null, null, null, null, null, null, null, null, null, null, null, null, null, null, null, null, null, null, null, null, null, null, null, null, null, null, null, null, null, null, null, null, null, null, null, null, null, null, null, null, null, null, null, null, null, null, null, null, null, null, null, null, null, null, null, null, null, null, null, null, null, null, null, null, null, null, null, null, null, null, null, null, null, null, null, null, null, null, null, null, null, null, null]], ["did not kill any mutants", [0, 0, 0, 0, 0, 0, 0, 0, 0, 0, 0, 0, 0, 0, 0, 0, 0, 0, 0, 0, 0, 0, 0, 0, 0, 0, 0, 0, 0, 0, 0, 0, 0, 0, 0, 0, 0, 0, 0, 0, 0, 0, 0, 0, 0, 0, 0, 0, 0, 0, 0, 0, 0, 0, 0, 0, 0, 0], [null, null, null, null, null, null, null, null, null, null, null, null, null, null, null, null, null, null, null, null, null, null, null, null, null, null, null, null, null, null, null, null, null, null, null, null, null, null, null, null, null, null, null, null, null, null, null, null, null, null, null, null, null, null, null, null, null, null]], ["did not kill any mutants", [0, 0, 0, 0, 0, 0], [null, null, null, null, null, null]], ["did not kill any mutants", [0, 0, 0, 0, 0, 0, 0, 0, 0, 0, 0, 0, 0, 0, 0, 0, 0, 0, 0, 0, 0, 0, 0, 0, 0, 0, 0, 0, 0, 0, 0, 0, 0, 0, 0, 0, 0], [null, null, null, null, null, null, null, null, null, null, null, null, null, null, null, null, null, null, null, null, null, null, null, null, null, null, null, null, null, null, null, null, null, null, null, null, null]], ["did not kill any mutants", [0, 0], [null, null]], ["did not kill any mutants", [0, 0, 0, 0, 0, 0, 0, 0, 0, 0, 0, 0, 0, 0, 0, 0, 0, 0, 0, 0, 0, 0, 0, 0], [null, null, null, null, null, null, null, null, null, null, null, null, null, null, null, null, null, null, null, null, null, null, null, null]], ["did not kill any mutants", [0, 0, 0, 0, 0, 0, 0, 0, 0, 0, 0, 0, 0, 0, 0, 0, 0, 0, 0, 0, 0, 0, 0, 0, 0, 0, 0, 0, 0, 0, 0, 0, 0, 0, 0, 0, 0, 0, 0, 0, 0, 0, 0, 0, 0, 0, 0, 0, 0, 0, 0, 0, 0, 0, 0, 0, 0, 0, 0, 0, 0, 0, 0, 0, 0, 0, 0, 0, 0, 0, 0, 0, 0, 0, 0, 0, 0, 0, 0, 0, 0, 0, 0, 0, 0, 0, 0, 0, 0, 0, 0, 0, 0, 0, 0, 0, 0, 0, 0, 0, 0, 0, 0, 0, 0, 0, 0, 0, 0, 0, 0, 0, 0, 0, 0, 0, 0, 0, 0, 0, 0, 0, 0, 0, 0, 0, 0, 0, 0, 0, 0, 0, 0, 0, 0, 0, 0, 0, 0, 0, 0, 0, 0], [null, null, null, null, null, null, null, null, null, null, null, null, null, null, null, null, null, null, null, null, null, null, null, null, null, null, null, null, null, null, null, null, null, null, null, null, null, null, null, null, null, null, null, null, null, null, null, null, null, null, null, null, null, null, null, null, null, null, null, null, null, null, null, null, null, null, null, null, null, null, null, null, null, null, null, null, null, null, null, null, null, null, null, null, null, null, null, null, null, null, null, null, null, null, null, null, null, null, null, null, null, null, null, null, null, null, null, null, null, null, null, null, null, null, null, null, null, null, null, null, null, null, null, null, null, null, null, null, null, null, null, null, null, null, null, null, null, null, null, null, null, null, null]], ["did not kill any mutants", [0, 0, 0, 0, 0, 0, 0, 0, 0, 0, 0, 0, 0, 0, 0, 0, 0, 0, 0, 0, 0, 0, 0, 0, 0, 0, 0, 0, 0, 0, 0, 0, 0, 0, 0, 0, 0, 0, 0, 0, 0, 0, 0, 0, 0, 0, 0, 0, 0, 0, 0, 0, 0, 0, 0, 0, 0, 0, 0, 0, 0, 0, 0, 0, 0, 0, 0, 0, 0, 0, 0, 0, 0, 0, 0, 0, 0, 0, 0, 0, 0, 0, 0, 0, 0, 0, 0, 0, 0, 0, 0, 0, 0, 0, 0, 0, 0, 0, 0, 0, 0, 0, 0, 0, 0, 0, 0, 0, 0, 0, 0, 0, 0, 0, 0, 0, 0, 0, 0, 0, 0, 0, 0, 0, 0, 0, 0, 0, 0, 0, 0, 0, 0, 0, 0, 0, 0, 0, 0, 0, 0, 0, 0, 0, 0, 0, 0, 0, 0, 0, 0, 0, 0, 0, 0, 0, 0, 0, 0, 0, 0, 0, 0, 0, 0, 0, 0, 0, 0, 0, 0, 0, 0, 0, 0, 0, 0, 0, 0, 0, 0, 0, 0, 0, 0, 0, 0, 0, 0, 0, 0, 0, 0, 0, 0], [null, null, null, null, null, null, null, null, null, null, null, null, null, null, null, null, null, null, null, null, null, null, null, null, null, null, null, null, null, null, null, null, null, null, null, null, null, null, null, null, null, null, null, null, null, null, null, null, null, null, null, null, null, null, null, null, null, null, null, null, null, null, null, null, null, null, null, null, null, null, null, null, null, null, null, null, null, null, null, null, null, null, null, null, null, null, null, null, null, null, null, null, null, null, null, null, null, null, null, null, null, null, null, null, null, null, null, null, null, null, null, null, null, null, null, null, null, null, null, null, null, null, null, null, null, null, null, null, null, null, null, null, null, null, null, null, null, null, null, null, null, null, null, null, null, null, null, null, null, null, null, null, null, null, null, null, null, null, null, null, null, null, null, null, null, null, null, null, null, null, null, null, null, null, null, null, null, null, null, null, null, null, null, null, null, null, null, null, null, null, null, null, null, null, null]], ["killed at least one mutant", [1, 1], ["AttributeError: 'str' object has no attribute 'nlower'", "AttributeError: 'str' object has no attribute 'nlower'"]], ["killed at least one mutant", [1, 1, 1, 1, 1, 1, 1, 1, 1, 1, 1, 1, 1, 1, 1, 1, 1, 1, 1, 1, 1, 1, 1, 1, 1, 1, 1, 1, 1, 1, 1, 1, 1, 1, 1, 1, 1, 1, 1, 1, 1, 1, 1, 1, 1, 1, 1, 1, 1, 1, 1, 1, 1, 1, 1, 1, 1, 1, 1, 1, 1, 1, 1, 1, 1, 1, 1, 1, 1, 1, 1, 1, 1, 1, 1, 1, 1, 1, 1, 1, 1, 1, 1, 1, 1, 1, 1, 1, 1, 1, 1, 1, 1, 1, 1, 1, 1, 1, 1, 1, 1, 1, 1, 1, 1, 1, 1, 1, 1, 1, 1, 1, 1, 1, 1, 1, 1, 1, 1, 1, 1, 1, 1, 1, 1, 1, 1, 1, 1, 1, 1, 1, 1, 1, 1, 1, 1, 1, 1, 1, 1, 1, 1, 1, 1, 1, 1, 1, 1, 1, 1, 1, 1, 1, 1, 1, 1, 1, 1, 1, 1, 1, 1, 1, 1, 1, 1, 1, 1, 1, 1, 1, 1, 1, 1, 1, 1, 1, 1, 1, 1, 1, 1, 1, 1, 1, 1, 1, 1, 1, 1, 1, 1, 1, 1, 1, 1], ["AssertionError", "AssertionError", "AssertionError", "AssertionError", "AssertionError", "AssertionError", "AssertionError", "AssertionError", "AssertionError", "AssertionError", "AssertionError", "AssertionError", "AssertionError", "AssertionError", "AssertionError", "AssertionError", "AssertionError", "AssertionError", "AssertionError", "AssertionError", "AssertionError", "AssertionError", "AssertionError", "AssertionError", "AssertionError", "AssertionError", "AssertionError", "AssertionError", "AssertionError", "AssertionError", "AssertionError", "AssertionError", "AssertionError", "AssertionError", "AssertionError", "AssertionError", "AssertionError", "AssertionError", "AssertionError", "AssertionError", "AssertionError", "AssertionError", "AssertionError", "AssertionError", "AssertionError", "AssertionError", "AssertionError", "AssertionError", "AssertionError", "AssertionError", "AssertionError", "AssertionError", "AssertionError", "AssertionError", "AssertionError", "AssertionError", "AssertionError", "AssertionError", "AssertionError", "AssertionError", "AssertionError", "AssertionError", "AssertionError", "AssertionError", "AssertionError", "AssertionError", "AssertionError", "AssertionError", "AssertionError", "AssertionError", "AssertionError", "AssertionError", "AssertionError", "AssertionError", "AssertionError", "AssertionError", "AssertionError", "AssertionError", "AssertionError", "AssertionError", "AssertionError", "AssertionError", "AssertionError", "AssertionError", "AssertionError", "AssertionError", "AssertionError", "AssertionError", "AssertionError", "AssertionError", "AssertionError", "AssertionError", "AssertionError", "AssertionError", "AssertionError", "AssertionError", "AssertionError", "AssertionError", "AssertionError", "AssertionError", "AssertionError", "AssertionError", "AssertionError", "AssertionError", "AssertionError", "AssertionError", "AssertionError", "AssertionError", "AssertionError", "AssertionError", "AssertionError", "AssertionError", "AssertionError", "AssertionError", "AssertionError", "AssertionError", "AssertionError", "AssertionError", "AssertionError", "AssertionError", "AssertionError", "AssertionError", "AssertionError", "AssertionError", "AssertionError", "AssertionError", "AssertionError", "AssertionError", "AssertionError", "AssertionError", "AssertionError", "AssertionError", "AssertionError", "AssertionError", "AssertionError", "AssertionError", "AssertionError", "AssertionError", "AssertionError", "AssertionError", "AssertionError", "AssertionError", "AssertionError", "AssertionError", "AssertionError", "AssertionError", "AssertionError", "AssertionError", "AssertionError", "AssertionError", "AssertionError", "AssertionError", "AssertionError", "AssertionError", "AssertionError", "AssertionError", "AssertionError", "AssertionError", "AssertionError", "AssertionError", "AssertionError", "AssertionError", "AssertionError", "AssertionError", "AssertionError", "AssertionError", "AssertionError", "AssertionError", "AssertionError", "AssertionError", "AssertionError", "AssertionError", "AssertionError", "AssertionError", "AssertionError", "AssertionError", "AssertionError", "AssertionError", "AssertionError", "AssertionError", "AssertionError", "AssertionError", "AssertionError", "AssertionError", "AssertionError", "AssertionError", "AssertionError", "AssertionError", "AssertionError", "AssertionError", "AssertionError", "AssertionError", "AssertionError", "AssertionError", "AssertionError", "AssertionError", "AssertionError"]], ["killed at least one mutant", [1, 1, 1, 1, 1, 1, 1, 1, 1, 1, 1, 1, 1, 1, 1, 1, 1, 1, 1, 1, 1, 1, 1, 1, 1, 1, 1, 1, 1, 1, 1, 1, 1, 1, 1, 1, 1, 1, 1, 1, 1, 1, 1, 1, 1, 1, 1, 1, 1, 1, 1, 1, 1, 1, 1, 1, 1, 1, 1, 1, 1, 1, 1, 1, 1, 1, 1, 1, 1, 1, 1, 1, 1, 1, 1, 1, 1, 1, 1, 1, 1, 1, 1, 1, 1, 1, 1, 1, 1, 1, 1, 1, 1, 1, 1, 1, 1, 1, 1, 1, 1, 1, 1, 1, 1, 1, 1, 1, 1, 1, 1, 1, 1, 1, 1, 1, 1, 1, 1, 1, 1, 1, 1, 1, 1, 1, 1, 1, 1, 1, 1, 1, 1, 1, 1, 1, 1, 1, 1, 1, 1, 1, 1, 1, 1, 1, 1, 1, 1, 1, 1, 1, 1, 1, 1, 1, 1, 1, 1, 1, 1, 1, 1, 1, 1, 1, 1, 1, 1, 1, 1, 1, 1, 1, 1, 1, 1, 1, 1, 1, 1, 1, 1, 1, 1, 1, 1, 1, 1, 1, 1, 1, 1, 1, 1, 1, 1, 1, 1], ["AssertionError", "AssertionError", "AssertionError", "AssertionError", "AssertionError", "AssertionError", "AssertionError", "AssertionError", "AssertionError", "AssertionError", "AssertionError", "AssertionError", "AssertionError", "AssertionError", "AssertionError", "AssertionError", "AssertionError", "AssertionError", "AssertionError", "AssertionError", "AssertionError", "AssertionError", "AssertionError", "AssertionError", "AssertionError", "AssertionError", "AssertionError", "AssertionError", "AssertionError", "AssertionError", "AssertionError", "AssertionError", "AssertionError", "AssertionError", "AssertionError", "AssertionError", "AssertionError", "AssertionError", "AssertionError", "AssertionError", "AssertionError", "AssertionError", "AssertionError", "AssertionError", "AssertionError", "AssertionError", "AssertionError", "AssertionError", "AssertionError", "AssertionError", "AssertionError", "AssertionError", "AssertionError", "AssertionError", "AssertionError", "AssertionError", "AssertionError", "AssertionError", "AssertionError", "AssertionError", "AssertionError", "AssertionError", "AssertionError", "AssertionError", "AssertionError", "AssertionError", "AssertionError", "AssertionError", "AssertionError", "AssertionError", "AssertionError", "AssertionError", "AssertionError", "AssertionError", "AssertionError", "AssertionError", "AssertionError", "AssertionError", "AssertionError", "AssertionError", "AssertionError", "AssertionError", "AssertionError", "AssertionError", "AssertionError", "AssertionError", "AssertionError", "AssertionError", "AssertionError", "AssertionError", "AssertionError", "AssertionError", "AssertionError", "AssertionError", "AssertionError", "AssertionError", "AssertionError", "AssertionError", "AssertionError", "AssertionError", "AssertionError", "AssertionError", "AssertionError", "AssertionError", "AssertionError", "AssertionError", "AssertionError", "AssertionError", "AssertionError", "AssertionError", "AssertionError", "AssertionError", "AssertionError", "AssertionError", "AssertionError", "AssertionError", "AssertionError", "AssertionError", "AssertionError", "AssertionError", "AssertionError", "AssertionError", "AssertionError", "AssertionError", "AssertionError", "AssertionError", "AssertionError", "AssertionError", "AssertionError", "AssertionError", "AssertionError", "AssertionError", "AssertionError", "AssertionError", "AssertionError", "AssertionError", "AssertionError", "AssertionError", "AssertionError", "AssertionError", "AssertionError", "AssertionError", "AssertionError", "AssertionError", "AssertionError", "AssertionError", "AssertionError", "AssertionError", "AssertionError", "AssertionError", "AssertionError", "AssertionError", "AssertionError", "AssertionError", "AssertionError", "AssertionError", "AssertionError", "AssertionError", "AssertionError", "AssertionError", "AssertionError", "AssertionError", "AssertionError", "AssertionError", "AssertionError", "AssertionError", "AssertionError", "AssertionError", "AssertionError", "AssertionError", "AssertionError", "AssertionError", "AssertionError", "AssertionError", "AssertionError", "AssertionError", "AssertionError", "AssertionError", "AssertionError", "AssertionError", "AssertionError", "AssertionError", "AssertionError", "AssertionError", "AssertionError", "AssertionError", "AssertionError", "AssertionError", "AssertionError", "AssertionError", "AssertionError", "AssertionError", "AssertionError", "AssertionError", "AssertionError", "AssertionError", "AssertionError", "AssertionError", "AssertionError"]], ["killed at least one mutant", [1, 1], ["TypeError: object of type 'filter' has no len()", "TypeError: object of type 'filter' has no len()"]], ["did not kill any mutants", [0, 0, 0, 0, 0, 0, 0, 0, 0, 0, 0, 0, 0, 0, 0, 0, 0, 0, 0, 0, 0, 0, 0, 0, 0, 0, 0, 0, 0, 0, 0, 0, 0, 0, 0, 0, 0, 0, 0, 0, 0, 0, 0, 0, 0, 0, 0, 0, 0, 0, 0, 0, 0, 0, 0, 0, 0, 0, 0, 0, 0, 0, 0, 0, 0, 0, 0, 0, 0, 0, 0, 0, 0, 0, 0, 0, 0, 0, 0, 0, 0, 0, 0, 0, 0, 0, 0, 0, 0, 0, 0, 0, 0, 0, 0, 0, 0, 0, 0, 0, 0, 0, 0, 0, 0, 0, 0, 0, 0, 0, 0, 0, 0, 0, 0, 0, 0, 0, 0, 0, 0, 0, 0, 0, 0, 0, 0, 0, 0, 0, 0, 0, 0, 0, 0, 0, 0, 0, 0, 0, 0, 0, 0, 0, 0, 0, 0, 0, 0, 0, 0, 0, 0, 0, 0, 0, 0, 0, 0, 0, 0, 0, 0, 0, 0, 0, 0, 0, 0, 0, 0, 0, 0, 0, 0, 0, 0, 0, 0, 0, 0, 0, 0, 0, 0, 0, 0, 0, 0, 0, 0, 0, 0, 0, 0, 0, 0, 0, 0, 0, 0, 0], [null, null, null, null, null, null, null, null, null, null, null, null, null, null, null, null, null, null, null, null, null, null, null, null, null, null, null, null, null, null, null, null, null, null, null, null, null, null, null, null, null, null, null, null, null, null, null, null, null, null, null, null, null, null, null, null, null, null, null, null, null, null, null, null, null, null, null, null, null, null, null, null, null, null, null, null, null, null, null, null, null, null, null, null, null, null, null, null, null, null, null, null, null, null, null, null, null, null, null, null, null, null, null, null, null, null, null, null, null, null, null, null, null, null, null, null, null, null, null, null, null, null, null, null, null, null, null, null, null, null, null, null, null, null, null, null, null, null, null, null, null, null, null, null, null, null, null, null, null, null, null, null, null, null, null, null, null, null, null, null, null, null, null, null, null, null, null, null, null, null, null, null, null, null, null, null, null, null, null, null, null, null, null, null, null, null, null, null, null, null, null, null, null, null, null, null, null, null, null, null, null, null]], ["killed at least one mutant", [1, 1, 1, 1, 1, 1, 1, 1, 1, 1, 1, 1, 1, 1, 1, 1, 1, 1, 1, 1, 1, 1, 1, 1, 1, 1, 1, 1, 1, 1, 1, 1, 1, 1, 1, 1, 1, 1, 1, 1, 1, 1, 1, 1, 1, 1, 1, 1, 1, 1, 1, 1, 1, 1, 1, 1, 1, 1, 1, 1, 1, 1, 1, 1, 1, 1, 1, 1, 1, 1, 1, 1, 1, 1, 1, 1, 1, 1, 1, 1, 1, 1, 1, 1, 1, 1, 1, 1, 1, 1, 1, 1, 1, 1, 1, 1, 1, 1, 1, 1, 1, 1, 1, 1, 1, 1, 1, 1, 1, 1, 1, 1, 1, 1, 1, 1, 1, 1, 1, 1, 1, 1, 1, 1, 1, 1, 1, 1, 1, 1, 1, 1, 1, 1, 1, 1, 1, 1, 1, 1, 1, 1, 1, 1, 1, 1, 1, 1, 1, 1, 1, 1, 1, 1, 1, 1, 1, 1, 1, 1, 1, 1, 1, 1, 1, 1, 1, 1, 1, 1, 1, 1, 1, 1, 1, 1, 1, 1, 1, 1, 1, 1, 1, 1, 1, 1, 1, 1, 1, 1, 1, 1, 1, 1, 1, 1, 1, 1, 1, 1, 1], ["AssertionError", "AssertionError", "AssertionError", "AssertionError", "AssertionError", "AssertionError", "AssertionError", "AssertionError", "AssertionError", "AssertionError", "AssertionError", "AssertionError", "AssertionError", "AssertionError", "AssertionError", "AssertionError", "AssertionError", "AssertionError", "AssertionError", "AssertionError", "AssertionError", "AssertionError", "AssertionError", "AssertionError", "AssertionError", "AssertionError", "AssertionError", "AssertionError", "AssertionError", "AssertionError", "AssertionError", "AssertionError", "AssertionError", "AssertionError", "AssertionError", "AssertionError", "AssertionError", "AssertionError", "AssertionError", "AssertionError", "AssertionError", "AssertionError", "AssertionError", "AssertionError", "AssertionError", "AssertionError", "AssertionError", "AssertionError", "AssertionError", "AssertionError", "AssertionError", "AssertionError", "AssertionError", "AssertionError", "AssertionError", "AssertionError", "AssertionError", "AssertionError", "AssertionError", "AssertionError", "AssertionError", "AssertionError", "AssertionError", "AssertionError", "AssertionError", "AssertionError", "AssertionError", "AssertionError", "AssertionError", "AssertionError", "AssertionError", "AssertionError", "AssertionError", "AssertionError", "AssertionError", "AssertionError", "AssertionError", "AssertionError", "AssertionError", "AssertionError", "AssertionError", "AssertionError", "AssertionError", "AssertionError", "AssertionError", "AssertionError", "AssertionError", "AssertionError", "AssertionError", "AssertionError", "AssertionError", "AssertionError", "AssertionError", "AssertionError", "AssertionError", "AssertionError", "AssertionError", "AssertionError", "AssertionError", "AssertionError", "AssertionError", "AssertionError", "AssertionError", "AssertionError", "AssertionError", "AssertionError", "AssertionError", "AssertionError", "AssertionError", "AssertionError", "AssertionError", "AssertionError", "AssertionError", "AssertionError", "AssertionError", "AssertionError", "AssertionError", "AssertionError", "AssertionError", "AssertionError", "AssertionError", "AssertionError", "AssertionError", "AssertionError", "AssertionError", "AssertionError", "AssertionError", "AssertionError", "AssertionError", "AssertionError", "AssertionError", "AssertionError", "AssertionError", "AssertionError", "AssertionError", "AssertionError", "AssertionError", "AssertionError", "AssertionError", "AssertionError", "AssertionError", "AssertionError", "AssertionError", "AssertionError", "AssertionError", "AssertionError", "AssertionError", "AssertionError", "AssertionError", "AssertionError", "AssertionError", "AssertionError", "AssertionError", "AssertionError", "AssertionError", "AssertionError", "AssertionError", "AssertionError", "AssertionError", "AssertionError", "AssertionError", "AssertionError", "AssertionError", "AssertionError", "AssertionError", "AssertionError", "AssertionError", "AssertionError", "AssertionError", "AssertionError", "AssertionError", "AssertionError", "AssertionError", "AssertionError", "AssertionError", "AssertionError", "AssertionError", "AssertionError", "AssertionError", "AssertionError", "AssertionError", "AssertionError", "AssertionError", "AssertionError", "AssertionError", "AssertionError", "AssertionError", "AssertionError", "AssertionError", "AssertionError", "AssertionError", "AssertionError", "AssertionError", "AssertionError", "AssertionError", "AssertionError", "AssertionError", "AssertionError", "AssertionError", "AssertionError", "AssertionError"]], ["did not kill any mutants", [0, 0, 0, 0, 0, 0, 0, 0, 0, 0, 0, 0], [null, null, null, null, null, null, null, null, null, null, null, null]], ["killed at least one mutant", [1, 1, 1, 1, 1, 1, 1, 1, 1, 1, 1, 1, 1, 1, 1, 1, 1, 1, 1, 1, 1, 1, 1, 1, 1, 1, 1, 1, 1, 1, 1, 1, 1, 1, 1, 1, 1, 1, 1, 1, 1, 1, 1, 1, 1, 1, 1, 1, 1, 1, 1, 1, 1, 1, 1, 1, 1, 1, 1, 1, 1, 1, 1, 1, 1, 1, 1, 1, 1, 1, 1, 1, 1, 1, 1, 1, 1, 1, 1, 1, 1, 1, 1, 1, 1, 1, 1, 1, 1, 1, 1, 1, 1, 1, 1, 1, 1, 1, 1, 1, 1, 1, 1, 1, 1, 1, 1, 1, 1, 1, 1, 1, 1, 1, 1, 1, 1, 1, 1, 1, 1, 1, 1, 1, 1, 1, 1, 1, 1, 1, 1, 1, 1, 1, 1, 1, 1, 1, 1, 1, 1, 1, 1, 1, 1, 1, 1, 1, 1, 1, 1, 1, 1, 1, 1, 1, 1, 1, 1, 1, 1, 1, 1, 1, 1, 1, 1, 1, 1, 1, 1, 1, 1, 1, 1, 1, 1, 1, 1, 1, 1, 1, 1, 1, 1, 1, 1, 1, 1, 1, 1, 1, 1, 1, 1, 1, 1, 1, 1, 1, 1], ["AssertionError", "AssertionError", "AssertionError", "AssertionError", "AssertionError", "AssertionError", "AssertionError", "AssertionError", "AssertionError", "AssertionError", "AssertionError", "AssertionError", "AssertionError", "AssertionError", "AssertionError", "AssertionError", "AssertionError", "AssertionError", "AssertionError", "AssertionError", "AssertionError", "AssertionError", "AssertionError", "AssertionError", "AssertionError", "AssertionError", "AssertionError", "AssertionError", "AssertionError", "AssertionError", "AssertionError", "AssertionError", "AssertionError", "AssertionError", "AssertionError", "AssertionError", "AssertionError", "AssertionError", "AssertionError", "AssertionError", "AssertionError", "AssertionError", "AssertionError", "AssertionError", "AssertionError", "AssertionError", "AssertionError", "AssertionError", "AssertionError", "AssertionError", "AssertionError", "AssertionError", "AssertionError", "AssertionError", "AssertionError", "AssertionError", "AssertionError", "AssertionError", "AssertionError", "AssertionError", "AssertionError", "AssertionError", "AssertionError", "AssertionError", "AssertionError", "AssertionError", "AssertionError", "AssertionError", "AssertionError", "AssertionError", "AssertionError", "AssertionError", "AssertionError", "AssertionError", "AssertionError", "AssertionError", "AssertionError", "AssertionError", "AssertionError", "AssertionError", "AssertionError", "AssertionError", "AssertionError", "AssertionError", "AssertionError", "AssertionError", "AssertionError", "AssertionError", "AssertionError", "AssertionError", "AssertionError", "AssertionError", "AssertionError", "AssertionError", "AssertionError", "AssertionError", "AssertionError", "AssertionError", "AssertionError", "AssertionError", "AssertionError", "AssertionError", "AssertionError", "AssertionError", "AssertionError", "AssertionError", "AssertionError", "AssertionError", "AssertionError", "AssertionError", "AssertionError", "AssertionError", "AssertionError", "AssertionError", "AssertionError", "AssertionError", "AssertionError", "AssertionError", "AssertionError", "AssertionError", "AssertionError", "AssertionError", "AssertionError", "AssertionError", "AssertionError", "AssertionError", "AssertionError", "AssertionError", "AssertionError", "AssertionError", "AssertionError", "AssertionError", "AssertionError", "AssertionError", "AssertionError", "AssertionError", "AssertionError", "AssertionError", "AssertionError", "AssertionError", "AssertionError", "AssertionError", "AssertionError", "AssertionError", "AssertionError", "AssertionError", "AssertionError", "AssertionError", "AssertionError", "AssertionError", "AssertionError", "AssertionError", "AssertionError", "AssertionError", "AssertionError", "AssertionError", "AssertionError", "AssertionError", "AssertionError", "AssertionError", "AssertionError", "AssertionError", "AssertionError", "AssertionError", "AssertionError", "AssertionError", "AssertionError", "AssertionError", "AssertionError", "AssertionError", "AssertionError", "AssertionError", "AssertionError", "AssertionError", "AssertionError", "AssertionError", "AssertionError", "AssertionError", "AssertionError", "AssertionError", "AssertionError", "AssertionError", "AssertionError", "AssertionError", "AssertionError", "AssertionError", "AssertionError", "AssertionError", "AssertionError", "AssertionError", "AssertionError", "AssertionError", "AssertionError", "AssertionError", "AssertionError", "AssertionError", "AssertionError", "AssertionError", "AssertionError", "AssertionError", "AssertionError"]], ["did not kill any mutants", [0, 0, 0, 0, 0, 0, 0, 0, 0, 0, 0, 0, 0, 0, 0, 0, 0, 0, 0, 0, 0, 0, 0, 0, 0, 0, 0, 0, 0, 0, 0], [null, null, null, null, null, null, null, null, null, null, null, null, null, null, null, null, null, null, null, null, null, null, null, null, null, null, null, null, null, null, null]], ["did not kill any mutants", [0, 0, 0, 0, 0, 0, 0, 0, 0, 0, 0, 0, 0], [null, null, null, null, null, null, null, null, null, null, null, null, null]], ["did not kill any mutants", [0, 0, 0, 0, 0], [null, null, null, null, null]], ["did not kill any mutants", [0, 0, 0, 0, 0, 0, 0, 0, 0, 0, 0, 0, 0, 0, 0, 0, 0, 0, 0, 0, 0, 0, 0, 0, 0, 0, 0, 0, 0, 0, 0, 0, 0, 0, 0, 0, 0, 0, 0, 0, 0, 0, 0, 0, 0, 0, 0, 0, 0, 0, 0, 0, 0, 0, 0, 0, 0, 0, 0, 0, 0, 0, 0, 0, 0, 0, 0, 0, 0, 0, 0, 0, 0, 0, 0, 0, 0, 0, 0, 0, 0, 0, 0, 0, 0, 0, 0, 0, 0, 0, 0, 0, 0, 0, 0, 0, 0, 0, 0, 0, 0, 0, 0, 0, 0, 0, 0, 0, 0, 0, 0, 0, 0, 0, 0, 0, 0, 0, 0, 0, 0, 0, 0, 0, 0, 0, 0, 0, 0, 0, 0, 0], [null, null, null, null, null, null, null, null, null, null, null, null, null, null, null, null, null, null, null, null, null, null, null, null, null, null, null, null, null, null, null, null, null, null, null, null, null, null, null, null, null, null, null, null, null, null, null, null, null, null, null, null, null, null, null, null, null, null, null, null, null, null, null, null, null, null, null, null, null, null, null, null, null, null, null, null, null, null, null, null, null, null, null, null, null, null, null, null, null, null, null, null, null, null, null, null, null, null, null, null, null, null, null, null, null, null, null, null, null, null, null, null, null, null, null, null, null, null, null, null, null, null, null, null, null, null, null, null, null, null, null, null]], ["did not kill any mutants", [0, 0, 0, 0, 0, 0, 0, 0, 0, 0, 0, 0, 0, 0, 0, 0, 0, 0, 0, 0, 0, 0, 0, 0, 0, 0, 0, 0, 0, 0, 0, 0, 0, 0, 0, 0, 0, 0, 0, 0, 0, 0, 0, 0, 0, 0, 0, 0, 0, 0, 0, 0, 0, 0, 0, 0, 0, 0, 0, 0, 0, 0, 0, 0, 0, 0, 0, 0, 0, 0, 0, 0, 0, 0, 0, 0, 0, 0, 0, 0, 0, 0, 0, 0, 0, 0, 0, 0, 0, 0, 0, 0, 0, 0, 0, 0, 0, 0, 0, 0, 0, 0, 0, 0, 0, 0, 0, 0, 0], [null, null, null, null, null, null, null, null, null, null, null, null, null, null, null, null, null, null, null, null, null, null, null, null, null, null, null, null, null, null, null, null, null, null, null, null, null, null, null, null, null, null, null, null, null, null, null, null, null, null, null, null, null, null, null, null, null, null, null, null, null, null, null, null, null, null, null, null, null, null, null, null, null, null, null, null, null, null, null, null, null, null, null, null, null, null, null, null, null, null, null, null, null, null, null, null, null, null, null, null, null, null, null, null, null, null, null, null, null]], ["did not kill any mutants", [0, 0, 0, 0, 0, 0, 0, 0, 0, 0, 0, 0, 0, 0, 0, 0, 0, 0, 0, 0, 0, 0, 0, 0, 0, 0, 0, 0, 0, 0, 0, 0, 0, 0, 0, 0, 0, 0, 0, 0, 0, 0, 0, 0, 0, 0, 0, 0, 0, 0, 0, 0, 0, 0, 0, 0, 0, 0, 0, 0, 0, 0, 0, 0, 0, 0, 0, 0, 0, 0, 0, 0, 0, 0, 0, 0, 0, 0, 0, 0, 0, 0, 0, 0, 0, 0, 0, 0, 0, 0, 0, 0, 0, 0, 0, 0, 0, 0, 0, 0, 0, 0, 0, 0, 0, 0, 0, 0, 0, 0, 0, 0, 0, 0, 0, 0, 0, 0, 0, 0, 0, 0, 0, 0, 0, 0, 0, 0, 0, 0, 0, 0, 0, 0, 0, 0, 0, 0, 0, 0, 0, 0, 0, 0, 0, 0, 0, 0, 0, 0, 0, 0, 0, 0, 0, 0, 0, 0, 0, 0, 0, 0, 0, 0, 0, 0, 0, 0, 0, 0, 0, 0, 0, 0, 0, 0, 0, 0, 0, 0, 0, 0, 0, 0, 0, 0, 0, 0, 0, 0, 0, 0, 0, 0, 0, 0], [null, null, null, null, null, null, null, null, null, null, null, null, null, null, null, null, null, null, null, null, null, null, null, null, null, null, null, null, null, null, null, null, null, null, null, null, null, null, null, null, null, null, null, null, null, null, null, null, null, null, null, null, null, null, null, null, null, null, null, null, null, null, null, null, null, null, null, null, null, null, null, null, null, null, null, null, null, null, null, null, null, null, null, null, null, null, null, null, null, null, null, null, null, null, null, null, null, null, null, null, null, null, null, null, null, null, null, null, null, null, null, null, null, null, null, null, null, null, null, null, null, null, null, null, null, null, null, null, null, null, null, null, null, null, null, null, null, null, null, null, null, null, null, null, null, null, null, null, null, null, null, null, null, null, null, null, null, null, null, null, null, null, null, null, null, null, null, null, null, null, null, null, null, null, null, null, null, null, null, null, null, null, null, null, null, null, null, null, null, null, null, null, null, null, null, null]], ["did not kill any mutants", [0, 0], [null, null]], ["did not kill any mutants", [0, 0, 0, 0, 0, 0, 0, 0, 0, 0, 0, 0, 0, 0, 0, 0, 0, 0, 0], [null, null, null, null, null, null, null, null, null, null, null, null, null, null, null, null, null, null, null]], ["killed at least one mutant", [1, 1, 1, 1, 1, 1, 1, 1, 1, 1, 1, 1, 1, 1, 1, 1, 1, 1, 1, 1, 1, 1, 1, 1, 1, 1, 1, 1, 1, 1, 1, 1, 1, 1, 1, 1, 1, 1, 1, 1, 1, 1, 1, 1, 1, 1, 1, 1, 1, 1, 1, 1, 1, 1, 1, 1, 1, 1, 1, 1, 1, 1, 1, 1, 1, 1, 1, 1, 1, 1, 1, 1, 1, 1, 1, 1, 1, 1, 1, 1, 1, 1, 1, 1, 1, 1, 1, 1, 1, 1, 1, 1, 1, 1, 1, 1, 1, 1, 1, 1, 1, 1, 1, 1, 1, 1, 1, 1, 1, 1, 1, 1, 1, 1, 1, 1, 1, 1, 1, 1, 1, 1, 1, 1, 1, 1, 1, 1, 1, 1, 1, 1, 1, 1, 1, 1, 1, 1, 1, 1, 1, 1, 1, 1, 1, 1, 1, 1, 1, 1, 1, 1, 1, 1, 1, 1, 1, 1, 1, 1, 1, 1, 1, 1, 1, 1, 1, 1, 1, 1, 1, 1, 1, 1, 1, 1, 1, 1, 1, 1, 1, 1, 1, 1, 1, 1, 1, 1, 1, 1, 1, 1, 1, 1, 1, 1, 1, 1, 1, 1], ["AssertionError", "AssertionError", "AssertionError", "AssertionError", "AssertionError", "AssertionError", "AssertionError", "AssertionError", "AssertionError", "AssertionError", "AssertionError", "AssertionError", "AssertionError", "AssertionError", "AssertionError", "AssertionError", "AssertionError", "AssertionError", "AssertionError", "AssertionError", "AssertionError", "AssertionError", "AssertionError", "AssertionError", "AssertionError", "AssertionError", "AssertionError", "AssertionError", "AssertionError", "AssertionError", "AssertionError", "AssertionError", "AssertionError", "AssertionError", "AssertionError", "AssertionError", "AssertionError", "AssertionError", "AssertionError", "AssertionError", "AssertionError", "AssertionError", "AssertionError", "AssertionError", "AssertionError", "AssertionError", "AssertionError", "AssertionError", "AssertionError", "AssertionError", "AssertionError", "AssertionError", "AssertionError", "AssertionError", "AssertionError", "AssertionError", "AssertionError", "AssertionError", "AssertionError", "AssertionError", "AssertionError", "AssertionError", "AssertionError", "AssertionError", "AssertionError", "AssertionError", "AssertionError", "AssertionError", "AssertionError", "AssertionError", "AssertionError", "AssertionError", "AssertionError", "AssertionError", "AssertionError", "AssertionError", "AssertionError", "AssertionError", "AssertionError", "AssertionError", "AssertionError", "AssertionError", "AssertionError", "AssertionError", "AssertionError", "AssertionError", "AssertionError", "AssertionError", "AssertionError", "AssertionError", "AssertionError", "AssertionError", "AssertionError", "AssertionError", "AssertionError", "AssertionError", "AssertionError", "AssertionError", "AssertionError", "AssertionError", "AssertionError", "AssertionError", "AssertionError", "AssertionError", "AssertionError", "AssertionError", "AssertionError", "AssertionError", "AssertionError", "AssertionError", "AssertionError", "AssertionError", "AssertionError", "AssertionError", "AssertionError", "AssertionError", "AssertionError", "AssertionError", "AssertionError", "AssertionError", "AssertionError", "AssertionError", "AssertionError", "AssertionError", "AssertionError", "AssertionError", "AssertionError", "AssertionError", "AssertionError", "AssertionError", "AssertionError", "AssertionError", "AssertionError", "AssertionError", "AssertionError", "AssertionError", "AssertionError", "AssertionError", "AssertionError", "AssertionError", "AssertionError", "AssertionError", "AssertionError", "AssertionError", "AssertionError", "AssertionError", "AssertionError", "AssertionError", "AssertionError", "AssertionError", "AssertionError", "AssertionError", "AssertionError", "AssertionError", "AssertionError", "AssertionError", "AssertionError", "AssertionError", "AssertionError", "AssertionError", "AssertionError", "AssertionError", "AssertionError", "AssertionError", "AssertionError", "AssertionError", "AssertionError", "AssertionError", "AssertionError", "AssertionError", "AssertionError", "AssertionError", "AssertionError", "AssertionError", "AssertionError", "AssertionError", "AssertionError", "AssertionError", "AssertionError", "AssertionError", "AssertionError", "AssertionError", "AssertionError", "AssertionError", "AssertionError", "AssertionError", "AssertionError", "AssertionError", "AssertionError", "AssertionError", "AssertionError", "AssertionError", "AssertionError", "AssertionError", "AssertionError", "AssertionError", "AssertionError", "AssertionError", "AssertionError", "AssertionError"]], ["did not kill any mutants", [0, 0, 0, 0, 0, 0, 0, 0, 0, 0, 0, 0, 0, 0, 0, 0, 0, 0, 0, 0, 0, 0, 0, 0, 0, 0, 0, 0, 0, 0, 0, 0, 0, 0, 0, 0, 0, 0, 0, 0, 0, 0, 0, 0, 0, 0, 0, 0, 0, 0, 0, 0, 0, 0, 0, 0, 0, 0, 0, 0, 0, 0, 0, 0, 0, 0, 0, 0, 0, 0, 0, 0, 0, 0, 0, 0, 0, 0, 0, 0, 0, 0, 0, 0, 0, 0, 0, 0, 0, 0, 0, 0, 0, 0, 0, 0, 0, 0, 0, 0, 0, 0, 0, 0, 0, 0, 0, 0, 0, 0, 0, 0, 0, 0, 0, 0, 0, 0, 0, 0, 0, 0, 0, 0, 0, 0, 0, 0, 0, 0, 0, 0, 0, 0, 0, 0, 0, 0, 0, 0, 0, 0, 0, 0, 0, 0, 0, 0, 0, 0, 0, 0, 0, 0, 0, 0, 0, 0, 0, 0, 0, 0, 0, 0, 0, 0, 0, 0, 0, 0, 0, 0, 0, 0, 0, 0, 0, 0, 0, 0, 0, 0, 0, 0, 0, 0, 0, 0], [null, null, null, null, null, null, null, null, null, null, null, null, null, null, null, null, null, null, null, null, null, null, null, null, null, null, null, null, null, null, null, null, null, null, null, null, null, null, null, null, null, null, null, null, null, null, null, null, null, null, null, null, null, null, null, null, null, null, null, null, null, null, null, null, null, null, null, null, null, null, null, null, null, null, null, null, null, null, null, null, null, null, null, null, null, null, null, null, null, null, null, null, null, null, null, null, null, null, null, null, null, null, null, null, null, null, null, null, null, null, null, null, null, null, null, null, null, null, null, null, null, null, null, null, null, null, null, null, null, null, null, null, null, null, null, null, null, null, null, null, null, null, null, null, null, null, null, null, null, null, null, null, null, null, null, null, null, null, null, null, null, null, null, null, null, null, null, null, null, null, null, null, null, null, null, null, null, null, null, null, null, null, null, null, null, null, null, null]], ["did not kill any mutants", [0], [null]], ["did not kill any mutants", [0, 0, 0, 0, 0, 0, 0, 0, 0, 0, 0, 0, 0, 0, 0, 0, 0, 0, 0, 0, 0, 0, 0, 0, 0, 0, 0, 0, 0, 0, 0, 0, 0, 0, 0, 0, 0, 0, 0, 0, 0, 0, 0, 0, 0, 0, 0, 0, 0, 0, 0, 0], [null, null, null, null, null, null, null, null, null, null, null, null, null, null, null, null, null, null, null, null, null, null, null, null, null, null, null, null, null, null, null, null, null, null, null, null, null, null, null, null, null, null, null, null, null, null, null, null, null, null, null, null]], ["killed at least one mutant", [1, 1, 1, 1, 1, 1, 1, 1, 1, 1, 1, 1, 1, 1, 1, 1, 1, 1, 1, 1, 1, 1, 1, 1, 1], ["ZeroDivisionError: division by zero", "ZeroDivisionError: division by zero", "ZeroDivisionError: division by zero", "ZeroDivisionError: division by zero", "ZeroDivisionError: division by zero", "ZeroDivisionError: division by zero", "ZeroDivisionError: division by zero", "ZeroDivisionError: division by zero", "ZeroDivisionError: division by zero", "ZeroDivisionError: division by zero", "ZeroDivisionError: division by zero", "ZeroDivisionError: division by zero", "ZeroDivisionError: division by zero", "ZeroDivisionError: division by zero", "ZeroDivisionError: division by zero", "ZeroDivisionError: division by zero", "ZeroDivisionError: division by zero", "ZeroDivisionError: division by zero", "ZeroDivisionError: division by zero", "ZeroDivisionError: division by zero", "ZeroDivisionError: division by zero", "ZeroDivisionError: division by zero", "ZeroDivisionError: division by zero", "ZeroDivisionError: division by zero", "ZeroDivisionError: division by zero"]], ["did not kill any mutants", [0, 0, 0, 0, 0, 0, 0, 0, 0, 0, 0, 0, 0, 0, 0, 0, 0, 0, 0, 0, 0], [null, null, null, null, null, null, null, null, null, null, null, null, null, null, null, null, null, null, null, null, null]], ["killed at least one mutant", [1, 1, 1, 1, 1, 1, 1, 1, 1, 1, 1, 1, 1, 1, 1, 1, 1, 1, 1, 1, 1, 1, 1, 1, 1, 1, 1, 1, 1, 1, 1, 1, 1, 1, 1, 1, 1, 1, 1, 1, 1, 1, 1, 1, 1, 1, 1, 1, 1, 1, 1, 1, 1, 1, 1, 1, 1, 1, 1, 1, 1, 1, 1, 1, 1, 1, 1, 1, 1, 1, 1, 1, 1, 1, 1, 1, 1, 1, 1, 1, 1, 1, 1, 1, 1, 1, 1, 1, 1, 1, 1, 1, 1, 1, 1, 1, 1, 1, 1, 1, 1, 1, 1, 1, 1, 1, 1, 1, 1, 1, 1, 1, 1, 1, 1, 1, 1, 1, 1, 1, 1, 1, 1, 1, 1, 1, 1, 1, 1, 1, 1, 1, 1, 1, 1, 1, 1, 1, 1, 1, 1, 1, 1, 1, 1, 1, 1, 1, 1, 1, 1, 1, 1, 1, 1, 1, 1, 1, 1, 1, 1, 1, 1, 1, 1, 1, 1, 1, 1, 1, 1, 1, 1, 1, 1, 1, 1, 1, 1, 1, 1, 1, 1, 1, 1, 1, 1, 1, 1, 1, 1, 1, 1, 1, 1, 1, 1, 1, 1, 1, 1, 1, 1], ["AssertionError", "AssertionError", "AssertionError", "AssertionError", "AssertionError", "AssertionError", "AssertionError", "AssertionError", "AssertionError", "AssertionError", "AssertionError", "AssertionError", "AssertionError", "AssertionError", "AssertionError", "AssertionError", "AssertionError", "AssertionError", "AssertionError", "AssertionError", "AssertionError", "AssertionError", "AssertionError", "AssertionError", "AssertionError", "AssertionError", "AssertionError", "AssertionError", "AssertionError", "AssertionError", "AssertionError", "AssertionError", "AssertionError", "AssertionError", "AssertionError", "AssertionError", "AssertionError", "AssertionError", "AssertionError", "AssertionError", "AssertionError", "AssertionError", "AssertionError", "AssertionError", "AssertionError", "AssertionError", "AssertionError", "AssertionError", "AssertionError", "AssertionError", "AssertionError", "AssertionError", "AssertionError", "AssertionError", "AssertionError", "AssertionError", "AssertionError", "AssertionError", "AssertionError", "AssertionError", "AssertionError", "AssertionError", "AssertionError", "AssertionError", "AssertionError", "AssertionError", "AssertionError", "AssertionError", "AssertionError", "AssertionError", "AssertionError", "AssertionError", "AssertionError", "AssertionError", "AssertionError", "AssertionError", "AssertionError", "AssertionError", "AssertionError", "AssertionError", "AssertionError", "AssertionError", "AssertionError", "AssertionError", "AssertionError", "AssertionError", "AssertionError", "AssertionError", "AssertionError", "AssertionError", "AssertionError", "AssertionError", "AssertionError", "AssertionError", "AssertionError", "AssertionError", "AssertionError", "AssertionError", "AssertionError", "AssertionError", "AssertionError", "AssertionError", "AssertionError", "AssertionError", "AssertionError", "AssertionError", "AssertionError", "AssertionError", "AssertionError", "AssertionError", "AssertionError", "AssertionError", "AssertionError", "AssertionError", "AssertionError", "AssertionError", "AssertionError", "AssertionError", "AssertionError", "AssertionError", "AssertionError", "AssertionError", "AssertionError", "AssertionError", "AssertionError", "AssertionError", "AssertionError", "AssertionError", "AssertionError", "AssertionError", "AssertionError", "AssertionError", "AssertionError", "AssertionError", "AssertionError", "AssertionError", "AssertionError", "AssertionError", "AssertionError", "AssertionError", "AssertionError", "AssertionError", "AssertionError", "AssertionError", "AssertionError", "AssertionError", "AssertionError", "AssertionError", "AssertionError", "AssertionError", "AssertionError", "AssertionError", "AssertionError", "AssertionError", "AssertionError", "AssertionError", "AssertionError", "AssertionError", "AssertionError", "AssertionError", "AssertionError", "AssertionError", "AssertionError", "AssertionError", "AssertionError", "AssertionError", "AssertionError", "AssertionError", "AssertionError", "AssertionError", "AssertionError", "AssertionError", "AssertionError", "AssertionError", "AssertionError", "AssertionError", "AssertionError", "AssertionError", "AssertionError", "AssertionError", "AssertionError", "AssertionError", "AssertionError", "AssertionError", "AssertionError", "AssertionError", "AssertionError", "AssertionError", "AssertionError", "AssertionError", "AssertionError", "AssertionError", "AssertionError", "AssertionError", "AssertionError", "AssertionError", "AssertionError", "AssertionError", "AssertionError", "AssertionError", "AssertionError", "AssertionError", "AssertionError"]], ["did not kill any mutants", [0], [null]], ["did not kill any mutants", [0, 0, 0, 0], [null, null, null, null]], ["did not kill any mutants", [0, 0], [null, null]], ["did not kill any mutants", [0, 0, 0, 0, 0, 0], [null, null, null, null, null, null]]]}}